2026-02-10 23:27:07.195 [DBG] [Microsoft.Extensions.Hosting.Internal.Host] Hosting starting
2026-02-10 23:27:07.217 [INF] [Microsoft.Hosting.Lifetime] Application started. Press Ctrl+C to shut down.
2026-02-10 23:27:07.218 [INF] [Microsoft.Hosting.Lifetime] Hosting environment: Production
2026-02-10 23:27:07.219 [INF] [Microsoft.Hosting.Lifetime] Content root path: C:\Users\Akie\Desktop\脑电采集\src\EegAcquisition\bin\Debug\net8.0-windows
2026-02-10 23:27:07.219 [DBG] [Microsoft.Extensions.Hosting.Internal.Host] Hosting started
2026-02-10 23:27:07.219 [INF] [] EEG Acquisition application started
2026-02-10 23:27:09.965 [INF] [EegAcquisition.Services.Pipeline.PipelineService] Pipeline started with 3 stages
2026-02-10 23:27:09.966 [DBG] [EegAcquisition.Services.Pipeline.PipelineService] Storage stage started
2026-02-10 23:27:09.966 [DBG] [EegAcquisition.Services.Pipeline.PipelineService] Cache stage started
2026-02-10 23:27:09.966 [DBG] [EegAcquisition.Services.Pipeline.PipelineService] SignalProcessing stage started
2026-02-10 23:27:09.966 [INF] [EegAcquisition.Services.Simulator.EegSimulatorService] EEG Simulator started: Ch1=10Hz, Ch2=22Hz, 256Hz sample rate
2026-02-10 23:27:09.974 [INF] [EegAcquisition.ViewModels.MainWindowViewModel] Simulation started
2026-02-10 23:27:10.973 [DBG] [EegAcquisition.Services.Simulator.EegSimulatorService] Simulator sent packet: 256 samples, total=256
2026-02-10 23:27:11.973 [DBG] [EegAcquisition.Services.Simulator.EegSimulatorService] Simulator sent packet: 256 samples, total=512
2026-02-10 23:27:12.973 [DBG] [EegAcquisition.Services.Simulator.EegSimulatorService] Simulator sent packet: 256 samples, total=768
2026-02-10 23:27:13.971 [DBG] [EegAcquisition.Services.Simulator.EegSimulatorService] Simulator sent packet: 256 samples, total=1024
2026-02-10 23:27:14.980 [DBG] [EegAcquisition.Services.Simulator.EegSimulatorService] Simulator sent packet: 256 samples, total=1280
2026-02-10 23:27:15.972 [DBG] [EegAcquisition.Services.Simulator.EegSimulatorService] Simulator sent packet: 256 samples, total=1536
2026-02-10 23:27:16.972 [DBG] [EegAcquisition.Services.Simulator.EegSimulatorService] Simulator sent packet: 256 samples, total=1792
2026-02-10 23:27:17.971 [DBG] [EegAcquisition.Services.Simulator.EegSimulatorService] Simulator sent packet: 256 samples, total=2048
2026-02-10 23:27:18.972 [DBG] [EegAcquisition.Services.Simulator.EegSimulatorService] Simulator sent packet: 256 samples, total=2304
2026-02-10 23:27:19.972 [DBG] [EegAcquisition.Services.Simulator.EegSimulatorService] Simulator sent packet: 256 samples, total=2560
2026-02-10 23:27:20.972 [DBG] [EegAcquisition.Services.Simulator.EegSimulatorService] Simulator sent packet: 256 samples, total=2816
2026-02-10 23:27:21.973 [DBG] [EegAcquisition.Services.Simulator.EegSimulatorService] Simulator sent packet: 256 samples, total=3072
2026-02-10 23:27:22.971 [DBG] [EegAcquisition.Services.Simulator.EegSimulatorService] Simulator sent packet: 256 samples, total=3328
2026-02-10 23:27:23.972 [DBG] [EegAcquisition.Services.Simulator.EegSimulatorService] Simulator sent packet: 256 samples, total=3584
2026-02-10 23:27:24.975 [DBG] [EegAcquisition.Services.Simulator.EegSimulatorService] Simulator sent packet: 256 samples, total=3840
2026-02-10 23:27:25.971 [DBG] [EegAcquisition.Services.Simulator.EegSimulatorService] Simulator sent packet: 256 samples, total=4096
2026-02-10 23:27:26.972 [DBG] [EegAcquisition.Services.Simulator.EegSimulatorService] Simulator sent packet: 256 samples, total=4352
2026-02-10 23:27:27.971 [DBG] [EegAcquisition.Services.Simulator.EegSimulatorService] Simulator sent packet: 256 samples, total=4608
2026-02-10 23:27:28.971 [DBG] [EegAcquisition.Services.Simulator.EegSimulatorService] Simulator sent packet: 256 samples, total=4864
2026-02-10 23:27:29.971 [DBG] [EegAcquisition.Services.Simulator.EegSimulatorService] Simulator sent packet: 256 samples, total=5120
2026-02-10 23:27:30.972 [DBG] [EegAcquisition.Services.Simulator.EegSimulatorService] Simulator sent packet: 256 samples, total=5376
2026-02-10 23:27:31.971 [DBG] [EegAcquisition.Services.Simulator.EegSimulatorService] Simulator sent packet: 256 samples, total=5632
2026-02-10 23:27:32.971 [DBG] [EegAcquisition.Services.Simulator.EegSimulatorService] Simulator sent packet: 256 samples, total=5888
2026-02-10 23:27:33.971 [DBG] [EegAcquisition.Services.Simulator.EegSimulatorService] Simulator sent packet: 256 samples, total=6144
2026-02-10 23:27:34.972 [DBG] [EegAcquisition.Services.Simulator.EegSimulatorService] Simulator sent packet: 256 samples, total=6400
2026-02-10 23:27:35.971 [DBG] [EegAcquisition.Services.Simulator.EegSimulatorService] Simulator sent packet: 256 samples, total=6656
2026-02-10 23:27:36.972 [DBG] [EegAcquisition.Services.Simulator.EegSimulatorService] Simulator sent packet: 256 samples, total=6912
2026-02-10 23:27:37.972 [DBG] [EegAcquisition.Services.Simulator.EegSimulatorService] Simulator sent packet: 256 samples, total=7168
2026-02-10 23:27:38.972 [DBG] [EegAcquisition.Services.Simulator.EegSimulatorService] Simulator sent packet: 256 samples, total=7424
2026-02-10 23:27:39.973 [DBG] [EegAcquisition.Services.Simulator.EegSimulatorService] Simulator sent packet: 256 samples, total=7680
2026-02-10 23:27:40.972 [DBG] [EegAcquisition.Services.Simulator.EegSimulatorService] Simulator sent packet: 256 samples, total=7936
2026-02-10 23:27:41.971 [DBG] [EegAcquisition.Services.Simulator.EegSimulatorService] Simulator sent packet: 256 samples, total=8192
2026-02-10 23:27:42.972 [DBG] [EegAcquisition.Services.Simulator.EegSimulatorService] Simulator sent packet: 256 samples, total=8448
2026-02-10 23:27:43.972 [DBG] [EegAcquisition.Services.Simulator.EegSimulatorService] Simulator sent packet: 256 samples, total=8704
2026-02-10 23:27:44.972 [DBG] [EegAcquisition.Services.Simulator.EegSimulatorService] Simulator sent packet: 256 samples, total=8960
2026-02-10 23:27:45.971 [DBG] [EegAcquisition.Services.Simulator.EegSimulatorService] Simulator sent packet: 256 samples, total=9216
2026-02-10 23:27:46.972 [DBG] [EegAcquisition.Services.Simulator.EegSimulatorService] Simulator sent packet: 256 samples, total=9472
2026-02-10 23:27:47.971 [DBG] [EegAcquisition.Services.Simulator.EegSimulatorService] Simulator sent packet: 256 samples, total=9728
2026-02-10 23:27:48.971 [DBG] [EegAcquisition.Services.Simulator.EegSimulatorService] Simulator sent packet: 256 samples, total=9984
2026-02-10 23:27:49.972 [DBG] [EegAcquisition.Services.Simulator.EegSimulatorService] Simulator sent packet: 256 samples, total=10240
2026-02-10 23:27:50.972 [DBG] [EegAcquisition.Services.Simulator.EegSimulatorService] Simulator sent packet: 256 samples, total=10496
2026-02-10 23:27:51.971 [DBG] [EegAcquisition.Services.Simulator.EegSimulatorService] Simulator sent packet: 256 samples, total=10752
2026-02-10 23:27:52.972 [DBG] [EegAcquisition.Services.Simulator.EegSimulatorService] Simulator sent packet: 256 samples, total=11008
2026-02-10 23:27:53.971 [DBG] [EegAcquisition.Services.Simulator.EegSimulatorService] Simulator sent packet: 256 samples, total=11264
2026-02-10 23:27:54.972 [DBG] [EegAcquisition.Services.Simulator.EegSimulatorService] Simulator sent packet: 256 samples, total=11520
2026-02-10 23:27:55.972 [DBG] [EegAcquisition.Services.Simulator.EegSimulatorService] Simulator sent packet: 256 samples, total=11776
2026-02-10 23:27:56.975 [DBG] [EegAcquisition.Services.Simulator.EegSimulatorService] Simulator sent packet: 256 samples, total=12032
2026-02-10 23:27:57.972 [DBG] [EegAcquisition.Services.Simulator.EegSimulatorService] Simulator sent packet: 256 samples, total=12288
2026-02-10 23:27:58.972 [DBG] [EegAcquisition.Services.Simulator.EegSimulatorService] Simulator sent packet: 256 samples, total=12544
2026-02-10 23:27:59.974 [DBG] [EegAcquisition.Services.Simulator.EegSimulatorService] Simulator sent packet: 256 samples, total=12800
2026-02-10 23:28:00.972 [DBG] [EegAcquisition.Services.Simulator.EegSimulatorService] Simulator sent packet: 256 samples, total=13056
2026-02-10 23:28:01.972 [DBG] [EegAcquisition.Services.Simulator.EegSimulatorService] Simulator sent packet: 256 samples, total=13312
2026-02-10 23:28:02.971 [DBG] [EegAcquisition.Services.Simulator.EegSimulatorService] Simulator sent packet: 256 samples, total=13568
2026-02-10 23:28:03.973 [DBG] [EegAcquisition.Services.Simulator.EegSimulatorService] Simulator sent packet: 256 samples, total=13824
2026-02-10 23:28:04.971 [DBG] [EegAcquisition.Services.Simulator.EegSimulatorService] Simulator sent packet: 256 samples, total=14080
2026-02-10 23:28:05.972 [DBG] [EegAcquisition.Services.Simulator.EegSimulatorService] Simulator sent packet: 256 samples, total=14336
2026-02-10 23:28:06.971 [DBG] [EegAcquisition.Services.Simulator.EegSimulatorService] Simulator sent packet: 256 samples, total=14592
2026-02-10 23:28:07.972 [DBG] [EegAcquisition.Services.Simulator.EegSimulatorService] Simulator sent packet: 256 samples, total=14848
2026-02-10 23:28:08.972 [DBG] [EegAcquisition.Services.Simulator.EegSimulatorService] Simulator sent packet: 256 samples, total=15104
2026-02-10 23:28:09.972 [DBG] [EegAcquisition.Services.Simulator.EegSimulatorService] Simulator sent packet: 256 samples, total=15360
2026-02-10 23:28:10.972 [DBG] [EegAcquisition.Services.Simulator.EegSimulatorService] Simulator sent packet: 256 samples, total=15616
2026-02-10 23:28:11.971 [DBG] [EegAcquisition.Services.Simulator.EegSimulatorService] Simulator sent packet: 256 samples, total=15872
2026-02-10 23:28:12.971 [DBG] [EegAcquisition.Services.Simulator.EegSimulatorService] Simulator sent packet: 256 samples, total=16128
2026-02-10 23:28:13.972 [DBG] [EegAcquisition.Services.Simulator.EegSimulatorService] Simulator sent packet: 256 samples, total=16384
2026-02-10 23:28:14.972 [DBG] [EegAcquisition.Services.Simulator.EegSimulatorService] Simulator sent packet: 256 samples, total=16640
2026-02-10 23:28:15.972 [DBG] [EegAcquisition.Services.Simulator.EegSimulatorService] Simulator sent packet: 256 samples, total=16896
2026-02-10 23:28:16.972 [DBG] [EegAcquisition.Services.Simulator.EegSimulatorService] Simulator sent packet: 256 samples, total=17152
2026-02-10 23:28:17.972 [DBG] [EegAcquisition.Services.Simulator.EegSimulatorService] Simulator sent packet: 256 samples, total=17408
2026-02-10 23:28:18.971 [DBG] [EegAcquisition.Services.Simulator.EegSimulatorService] Simulator sent packet: 256 samples, total=17664
2026-02-10 23:28:19.971 [DBG] [EegAcquisition.Services.Simulator.EegSimulatorService] Simulator sent packet: 256 samples, total=17920
2026-02-10 23:28:20.971 [DBG] [EegAcquisition.Services.Simulator.EegSimulatorService] Simulator sent packet: 256 samples, total=18176
2026-02-10 23:28:21.972 [DBG] [EegAcquisition.Services.Simulator.EegSimulatorService] Simulator sent packet: 256 samples, total=18432
2026-02-10 23:28:22.972 [DBG] [EegAcquisition.Services.Simulator.EegSimulatorService] Simulator sent packet: 256 samples, total=18688
2026-02-10 23:28:23.972 [DBG] [EegAcquisition.Services.Simulator.EegSimulatorService] Simulator sent packet: 256 samples, total=18944
2026-02-10 23:28:24.972 [DBG] [EegAcquisition.Services.Simulator.EegSimulatorService] Simulator sent packet: 256 samples, total=19200
2026-02-10 23:28:25.972 [DBG] [EegAcquisition.Services.Simulator.EegSimulatorService] Simulator sent packet: 256 samples, total=19456
2026-02-10 23:28:26.972 [DBG] [EegAcquisition.Services.Simulator.EegSimulatorService] Simulator sent packet: 256 samples, total=19712
2026-02-10 23:28:27.973 [DBG] [EegAcquisition.Services.Simulator.EegSimulatorService] Simulator sent packet: 256 samples, total=19968
2026-02-10 23:28:28.972 [DBG] [EegAcquisition.Services.Simulator.EegSimulatorService] Simulator sent packet: 256 samples, total=20224
2026-02-10 23:28:29.973 [DBG] [EegAcquisition.Services.Simulator.EegSimulatorService] Simulator sent packet: 256 samples, total=20480
2026-02-10 23:28:30.990 [DBG] [EegAcquisition.Services.Simulator.EegSimulatorService] Simulator sent packet: 256 samples, total=20736
2026-02-10 23:28:31.979 [DBG] [EegAcquisition.Services.Simulator.EegSimulatorService] Simulator sent packet: 256 samples, total=20992
2026-02-10 23:28:32.978 [DBG] [EegAcquisition.Services.Simulator.EegSimulatorService] Simulator sent packet: 256 samples, total=21248
2026-02-10 23:28:33.984 [DBG] [EegAcquisition.Services.Simulator.EegSimulatorService] Simulator sent packet: 256 samples, total=21504
2026-02-10 23:28:34.979 [DBG] [EegAcquisition.Services.Simulator.EegSimulatorService] Simulator sent packet: 256 samples, total=21760
2026-02-10 23:28:35.975 [DBG] [EegAcquisition.Services.Simulator.EegSimulatorService] Simulator sent packet: 256 samples, total=22016
2026-02-10 23:28:36.978 [DBG] [EegAcquisition.Services.Simulator.EegSimulatorService] Simulator sent packet: 256 samples, total=22272
2026-02-10 23:28:37.980 [DBG] [EegAcquisition.Services.Simulator.EegSimulatorService] Simulator sent packet: 256 samples, total=22528
2026-02-10 23:28:38.984 [DBG] [EegAcquisition.Services.Simulator.EegSimulatorService] Simulator sent packet: 256 samples, total=22784
2026-02-10 23:28:39.984 [DBG] [EegAcquisition.Services.Simulator.EegSimulatorService] Simulator sent packet: 256 samples, total=23040
2026-02-10 23:28:40.972 [DBG] [EegAcquisition.Services.Simulator.EegSimulatorService] Simulator sent packet: 256 samples, total=23296
2026-02-10 23:28:41.973 [DBG] [EegAcquisition.Services.Simulator.EegSimulatorService] Simulator sent packet: 256 samples, total=23552
2026-02-10 23:28:42.988 [DBG] [EegAcquisition.Services.Simulator.EegSimulatorService] Simulator sent packet: 256 samples, total=23808
2026-02-10 23:28:43.974 [DBG] [EegAcquisition.Services.Simulator.EegSimulatorService] Simulator sent packet: 256 samples, total=24064
2026-02-10 23:28:44.983 [DBG] [EegAcquisition.Services.Simulator.EegSimulatorService] Simulator sent packet: 256 samples, total=24320
2026-02-10 23:28:45.986 [DBG] [EegAcquisition.Services.Simulator.EegSimulatorService] Simulator sent packet: 256 samples, total=24576
2026-02-10 23:28:46.983 [DBG] [EegAcquisition.Services.Simulator.EegSimulatorService] Simulator sent packet: 256 samples, total=24832
2026-02-10 23:28:47.983 [DBG] [EegAcquisition.Services.Simulator.EegSimulatorService] Simulator sent packet: 256 samples, total=25088
2026-02-10 23:28:48.981 [DBG] [EegAcquisition.Services.Simulator.EegSimulatorService] Simulator sent packet: 256 samples, total=25344
2026-02-10 23:28:49.994 [DBG] [EegAcquisition.Services.Simulator.EegSimulatorService] Simulator sent packet: 256 samples, total=25600
2026-02-10 23:28:50.975 [DBG] [EegAcquisition.Services.Simulator.EegSimulatorService] Simulator sent packet: 256 samples, total=25856
2026-02-10 23:28:51.994 [DBG] [EegAcquisition.Services.Simulator.EegSimulatorService] Simulator sent packet: 256 samples, total=26112
2026-02-10 23:28:52.981 [DBG] [EegAcquisition.Services.Simulator.EegSimulatorService] Simulator sent packet: 256 samples, total=26368
2026-02-10 23:28:53.975 [DBG] [EegAcquisition.Services.Simulator.EegSimulatorService] Simulator sent packet: 256 samples, total=26624
2026-02-10 23:28:54.984 [DBG] [EegAcquisition.Services.Simulator.EegSimulatorService] Simulator sent packet: 256 samples, total=26880
2026-02-10 23:28:55.985 [DBG] [EegAcquisition.Services.Simulator.EegSimulatorService] Simulator sent packet: 256 samples, total=27136
2026-02-10 23:28:56.983 [DBG] [EegAcquisition.Services.Simulator.EegSimulatorService] Simulator sent packet: 256 samples, total=27392
2026-02-10 23:28:57.975 [DBG] [EegAcquisition.Services.Simulator.EegSimulatorService] Simulator sent packet: 256 samples, total=27648
2026-02-10 23:28:58.972 [DBG] [EegAcquisition.Services.Simulator.EegSimulatorService] Simulator sent packet: 256 samples, total=27904
2026-02-10 23:28:59.985 [DBG] [EegAcquisition.Services.Simulator.EegSimulatorService] Simulator sent packet: 256 samples, total=28160
2026-02-10 23:29:00.980 [DBG] [EegAcquisition.Services.Simulator.EegSimulatorService] Simulator sent packet: 256 samples, total=28416
2026-02-10 23:29:01.980 [DBG] [EegAcquisition.Services.Simulator.EegSimulatorService] Simulator sent packet: 256 samples, total=28672
2026-02-10 23:29:02.972 [DBG] [EegAcquisition.Services.Simulator.EegSimulatorService] Simulator sent packet: 256 samples, total=28928
2026-02-10 23:29:03.988 [DBG] [EegAcquisition.Services.Simulator.EegSimulatorService] Simulator sent packet: 256 samples, total=29184
2026-02-10 23:29:04.987 [DBG] [EegAcquisition.Services.Simulator.EegSimulatorService] Simulator sent packet: 256 samples, total=29440
2026-02-10 23:29:05.985 [DBG] [EegAcquisition.Services.Simulator.EegSimulatorService] Simulator sent packet: 256 samples, total=29696
2026-02-10 23:29:07.004 [DBG] [EegAcquisition.Services.Simulator.EegSimulatorService] Simulator sent packet: 256 samples, total=29952
2026-02-10 23:29:07.981 [DBG] [EegAcquisition.Services.Simulator.EegSimulatorService] Simulator sent packet: 256 samples, total=30208
2026-02-10 23:29:08.980 [DBG] [EegAcquisition.Services.Simulator.EegSimulatorService] Simulator sent packet: 256 samples, total=30464
2026-02-10 23:29:09.984 [DBG] [EegAcquisition.Services.Simulator.EegSimulatorService] Simulator sent packet: 256 samples, total=30720
2026-02-10 23:29:10.982 [DBG] [EegAcquisition.Services.Simulator.EegSimulatorService] Simulator sent packet: 256 samples, total=30976
2026-02-10 23:29:11.980 [DBG] [EegAcquisition.Services.Simulator.EegSimulatorService] Simulator sent packet: 256 samples, total=31232
2026-02-10 23:29:12.982 [DBG] [EegAcquisition.Services.Simulator.EegSimulatorService] Simulator sent packet: 256 samples, total=31488
2026-02-10 23:29:13.980 [DBG] [EegAcquisition.Services.Simulator.EegSimulatorService] Simulator sent packet: 256 samples, total=31744
2026-02-10 23:29:14.986 [DBG] [EegAcquisition.Services.Simulator.EegSimulatorService] Simulator sent packet: 256 samples, total=32000
2026-02-10 23:29:15.979 [DBG] [EegAcquisition.Services.Simulator.EegSimulatorService] Simulator sent packet: 256 samples, total=32256
2026-02-10 23:29:16.976 [DBG] [EegAcquisition.Services.Simulator.EegSimulatorService] Simulator sent packet: 256 samples, total=32512
2026-02-10 23:29:17.987 [DBG] [EegAcquisition.Services.Simulator.EegSimulatorService] Simulator sent packet: 256 samples, total=32768
2026-02-10 23:29:18.989 [DBG] [EegAcquisition.Services.Simulator.EegSimulatorService] Simulator sent packet: 256 samples, total=33024
2026-02-10 23:29:19.985 [DBG] [EegAcquisition.Services.Simulator.EegSimulatorService] Simulator sent packet: 256 samples, total=33280
2026-02-10 23:29:20.979 [DBG] [EegAcquisition.Services.Simulator.EegSimulatorService] Simulator sent packet: 256 samples, total=33536
2026-02-10 23:29:21.979 [DBG] [EegAcquisition.Services.Simulator.EegSimulatorService] Simulator sent packet: 256 samples, total=33792
2026-02-10 23:29:22.983 [DBG] [EegAcquisition.Services.Simulator.EegSimulatorService] Simulator sent packet: 256 samples, total=34048
2026-02-10 23:29:23.986 [DBG] [EegAcquisition.Services.Simulator.EegSimulatorService] Simulator sent packet: 256 samples, total=34304
2026-02-10 23:29:24.984 [DBG] [EegAcquisition.Services.Simulator.EegSimulatorService] Simulator sent packet: 256 samples, total=34560
2026-02-10 23:29:25.981 [DBG] [EegAcquisition.Services.Simulator.EegSimulatorService] Simulator sent packet: 256 samples, total=34816
2026-02-10 23:29:26.985 [DBG] [EegAcquisition.Services.Simulator.EegSimulatorService] Simulator sent packet: 256 samples, total=35072
2026-02-10 23:29:27.981 [DBG] [EegAcquisition.Services.Simulator.EegSimulatorService] Simulator sent packet: 256 samples, total=35328
2026-02-10 23:29:28.987 [DBG] [EegAcquisition.Services.Simulator.EegSimulatorService] Simulator sent packet: 256 samples, total=35584
2026-02-10 23:29:29.979 [DBG] [EegAcquisition.Services.Simulator.EegSimulatorService] Simulator sent packet: 256 samples, total=35840
2026-02-10 23:29:30.981 [DBG] [EegAcquisition.Services.Simulator.EegSimulatorService] Simulator sent packet: 256 samples, total=36096
2026-02-10 23:29:31.982 [DBG] [EegAcquisition.Services.Simulator.EegSimulatorService] Simulator sent packet: 256 samples, total=36352
2026-02-10 23:29:32.982 [DBG] [EegAcquisition.Services.Simulator.EegSimulatorService] Simulator sent packet: 256 samples, total=36608
2026-02-10 23:29:33.981 [DBG] [EegAcquisition.Services.Simulator.EegSimulatorService] Simulator sent packet: 256 samples, total=36864
2026-02-10 23:29:34.976 [DBG] [EegAcquisition.Services.Simulator.EegSimulatorService] Simulator sent packet: 256 samples, total=37120
2026-02-10 23:29:35.983 [DBG] [EegAcquisition.Services.Simulator.EegSimulatorService] Simulator sent packet: 256 samples, total=37376
2026-02-10 23:29:36.979 [DBG] [EegAcquisition.Services.Simulator.EegSimulatorService] Simulator sent packet: 256 samples, total=37632
2026-02-10 23:29:37.978 [DBG] [EegAcquisition.Services.Simulator.EegSimulatorService] Simulator sent packet: 256 samples, total=37888
2026-02-10 23:29:38.981 [DBG] [EegAcquisition.Services.Simulator.EegSimulatorService] Simulator sent packet: 256 samples, total=38144
2026-02-10 23:29:39.981 [DBG] [EegAcquisition.Services.Simulator.EegSimulatorService] Simulator sent packet: 256 samples, total=38400
2026-02-10 23:29:40.972 [DBG] [EegAcquisition.Services.Simulator.EegSimulatorService] Simulator sent packet: 256 samples, total=38656
2026-02-10 23:29:41.989 [DBG] [EegAcquisition.Services.Simulator.EegSimulatorService] Simulator sent packet: 256 samples, total=38912
2026-02-10 23:29:42.980 [DBG] [EegAcquisition.Services.Simulator.EegSimulatorService] Simulator sent packet: 256 samples, total=39168
2026-02-10 23:29:43.980 [DBG] [EegAcquisition.Services.Simulator.EegSimulatorService] Simulator sent packet: 256 samples, total=39424
2026-02-10 23:29:44.975 [DBG] [EegAcquisition.Services.Simulator.EegSimulatorService] Simulator sent packet: 256 samples, total=39680
2026-02-10 23:29:45.977 [DBG] [EegAcquisition.Services.Simulator.EegSimulatorService] Simulator sent packet: 256 samples, total=39936
2026-02-10 23:29:46.980 [DBG] [EegAcquisition.Services.Simulator.EegSimulatorService] Simulator sent packet: 256 samples, total=40192
2026-02-10 23:29:47.978 [DBG] [EegAcquisition.Services.Simulator.EegSimulatorService] Simulator sent packet: 256 samples, total=40448
2026-02-10 23:29:48.984 [DBG] [EegAcquisition.Services.Simulator.EegSimulatorService] Simulator sent packet: 256 samples, total=40704
2026-02-10 23:29:49.980 [DBG] [EegAcquisition.Services.Simulator.EegSimulatorService] Simulator sent packet: 256 samples, total=40960
2026-02-10 23:29:50.976 [DBG] [EegAcquisition.Services.Simulator.EegSimulatorService] Simulator sent packet: 256 samples, total=41216
2026-02-10 23:29:51.979 [DBG] [EegAcquisition.Services.Simulator.EegSimulatorService] Simulator sent packet: 256 samples, total=41472
2026-02-10 23:29:52.981 [DBG] [EegAcquisition.Services.Simulator.EegSimulatorService] Simulator sent packet: 256 samples, total=41728
2026-02-10 23:29:53.983 [DBG] [EegAcquisition.Services.Simulator.EegSimulatorService] Simulator sent packet: 256 samples, total=41984
2026-02-10 23:29:54.983 [DBG] [EegAcquisition.Services.Simulator.EegSimulatorService] Simulator sent packet: 256 samples, total=42240
2026-02-10 23:29:55.982 [DBG] [EegAcquisition.Services.Simulator.EegSimulatorService] Simulator sent packet: 256 samples, total=42496
2026-02-10 23:29:56.980 [DBG] [EegAcquisition.Services.Simulator.EegSimulatorService] Simulator sent packet: 256 samples, total=42752
2026-02-10 23:29:57.977 [DBG] [EegAcquisition.Services.Simulator.EegSimulatorService] Simulator sent packet: 256 samples, total=43008
2026-02-10 23:29:58.987 [DBG] [EegAcquisition.Services.Simulator.EegSimulatorService] Simulator sent packet: 256 samples, total=43264
2026-02-10 23:29:59.983 [DBG] [EegAcquisition.Services.Simulator.EegSimulatorService] Simulator sent packet: 256 samples, total=43520
2026-02-10 23:30:00.979 [DBG] [EegAcquisition.Services.Simulator.EegSimulatorService] Simulator sent packet: 256 samples, total=43776
2026-02-10 23:30:01.981 [DBG] [EegAcquisition.Services.Simulator.EegSimulatorService] Simulator sent packet: 256 samples, total=44032
2026-02-10 23:30:02.988 [DBG] [EegAcquisition.Services.Simulator.EegSimulatorService] Simulator sent packet: 256 samples, total=44288
2026-02-10 23:30:03.976 [DBG] [EegAcquisition.Services.Simulator.EegSimulatorService] Simulator sent packet: 256 samples, total=44544
2026-02-10 23:30:04.977 [DBG] [EegAcquisition.Services.Simulator.EegSimulatorService] Simulator sent packet: 256 samples, total=44800
2026-02-10 23:30:05.982 [DBG] [EegAcquisition.Services.Simulator.EegSimulatorService] Simulator sent packet: 256 samples, total=45056
2026-02-10 23:30:06.980 [DBG] [EegAcquisition.Services.Simulator.EegSimulatorService] Simulator sent packet: 256 samples, total=45312
2026-02-10 23:30:07.981 [DBG] [EegAcquisition.Services.Simulator.EegSimulatorService] Simulator sent packet: 256 samples, total=45568
2026-02-10 23:30:08.979 [DBG] [EegAcquisition.Services.Simulator.EegSimulatorService] Simulator sent packet: 256 samples, total=45824
2026-02-10 23:30:09.976 [DBG] [EegAcquisition.Services.Simulator.EegSimulatorService] Simulator sent packet: 256 samples, total=46080
2026-02-10 23:30:10.976 [DBG] [EegAcquisition.Services.Simulator.EegSimulatorService] Simulator sent packet: 256 samples, total=46336
2026-02-10 23:30:11.980 [DBG] [EegAcquisition.Services.Simulator.EegSimulatorService] Simulator sent packet: 256 samples, total=46592
2026-02-10 23:30:12.986 [DBG] [EegAcquisition.Services.Simulator.EegSimulatorService] Simulator sent packet: 256 samples, total=46848
2026-02-10 23:30:13.987 [DBG] [EegAcquisition.Services.Simulator.EegSimulatorService] Simulator sent packet: 256 samples, total=47104
2026-02-10 23:30:14.978 [DBG] [EegAcquisition.Services.Simulator.EegSimulatorService] Simulator sent packet: 256 samples, total=47360
2026-02-10 23:30:15.979 [DBG] [EegAcquisition.Services.Simulator.EegSimulatorService] Simulator sent packet: 256 samples, total=47616
2026-02-10 23:30:16.980 [DBG] [EegAcquisition.Services.Simulator.EegSimulatorService] Simulator sent packet: 256 samples, total=47872
2026-02-10 23:30:17.979 [DBG] [EegAcquisition.Services.Simulator.EegSimulatorService] Simulator sent packet: 256 samples, total=48128
2026-02-10 23:30:18.978 [DBG] [EegAcquisition.Services.Simulator.EegSimulatorService] Simulator sent packet: 256 samples, total=48384
2026-02-10 23:30:19.985 [DBG] [EegAcquisition.Services.Simulator.EegSimulatorService] Simulator sent packet: 256 samples, total=48640
2026-02-10 23:30:20.986 [DBG] [EegAcquisition.Services.Simulator.EegSimulatorService] Simulator sent packet: 256 samples, total=48896
2026-02-10 23:30:21.988 [DBG] [EegAcquisition.Services.Simulator.EegSimulatorService] Simulator sent packet: 256 samples, total=49152
2026-02-10 23:30:22.981 [DBG] [EegAcquisition.Services.Simulator.EegSimulatorService] Simulator sent packet: 256 samples, total=49408
2026-02-10 23:30:23.980 [DBG] [EegAcquisition.Services.Simulator.EegSimulatorService] Simulator sent packet: 256 samples, total=49664
2026-02-10 23:30:24.979 [DBG] [EegAcquisition.Services.Simulator.EegSimulatorService] Simulator sent packet: 256 samples, total=49920
2026-02-10 23:30:25.980 [DBG] [EegAcquisition.Services.Simulator.EegSimulatorService] Simulator sent packet: 256 samples, total=50176
2026-02-10 23:30:26.978 [DBG] [EegAcquisition.Services.Simulator.EegSimulatorService] Simulator sent packet: 256 samples, total=50432
2026-02-10 23:30:27.975 [DBG] [EegAcquisition.Services.Simulator.EegSimulatorService] Simulator sent packet: 256 samples, total=50688
2026-02-10 23:30:28.979 [DBG] [EegAcquisition.Services.Simulator.EegSimulatorService] Simulator sent packet: 256 samples, total=50944
2026-02-10 23:30:29.978 [DBG] [EegAcquisition.Services.Simulator.EegSimulatorService] Simulator sent packet: 256 samples, total=51200
2026-02-10 23:30:30.976 [DBG] [EegAcquisition.Services.Simulator.EegSimulatorService] Simulator sent packet: 256 samples, total=51456
2026-02-10 23:30:31.975 [DBG] [EegAcquisition.Services.Simulator.EegSimulatorService] Simulator sent packet: 256 samples, total=51712
2026-02-10 23:30:32.975 [DBG] [EegAcquisition.Services.Simulator.EegSimulatorService] Simulator sent packet: 256 samples, total=51968
2026-02-10 23:30:33.979 [DBG] [EegAcquisition.Services.Simulator.EegSimulatorService] Simulator sent packet: 256 samples, total=52224
2026-02-10 23:30:34.977 [DBG] [EegAcquisition.Services.Simulator.EegSimulatorService] Simulator sent packet: 256 samples, total=52480
2026-02-10 23:30:35.978 [DBG] [EegAcquisition.Services.Simulator.EegSimulatorService] Simulator sent packet: 256 samples, total=52736
2026-02-10 23:30:36.976 [DBG] [EegAcquisition.Services.Simulator.EegSimulatorService] Simulator sent packet: 256 samples, total=52992
2026-02-10 23:30:37.975 [DBG] [EegAcquisition.Services.Simulator.EegSimulatorService] Simulator sent packet: 256 samples, total=53248
2026-02-10 23:30:38.988 [DBG] [EegAcquisition.Services.Simulator.EegSimulatorService] Simulator sent packet: 256 samples, total=53504
2026-02-10 23:30:39.975 [DBG] [EegAcquisition.Services.Simulator.EegSimulatorService] Simulator sent packet: 256 samples, total=53760
2026-02-10 23:30:40.978 [DBG] [EegAcquisition.Services.Simulator.EegSimulatorService] Simulator sent packet: 256 samples, total=54016
2026-02-10 23:30:41.980 [DBG] [EegAcquisition.Services.Simulator.EegSimulatorService] Simulator sent packet: 256 samples, total=54272
2026-02-10 23:30:42.979 [DBG] [EegAcquisition.Services.Simulator.EegSimulatorService] Simulator sent packet: 256 samples, total=54528
2026-02-10 23:30:43.979 [DBG] [EegAcquisition.Services.Simulator.EegSimulatorService] Simulator sent packet: 256 samples, total=54784
2026-02-10 23:30:44.977 [DBG] [EegAcquisition.Services.Simulator.EegSimulatorService] Simulator sent packet: 256 samples, total=55040
2026-02-10 23:30:45.977 [DBG] [EegAcquisition.Services.Simulator.EegSimulatorService] Simulator sent packet: 256 samples, total=55296
2026-02-10 23:30:46.977 [DBG] [EegAcquisition.Services.Simulator.EegSimulatorService] Simulator sent packet: 256 samples, total=55552
2026-02-10 23:30:47.982 [DBG] [EegAcquisition.Services.Simulator.EegSimulatorService] Simulator sent packet: 256 samples, total=55808
2026-02-10 23:30:48.983 [DBG] [EegAcquisition.Services.Simulator.EegSimulatorService] Simulator sent packet: 256 samples, total=56064
2026-02-10 23:30:49.978 [DBG] [EegAcquisition.Services.Simulator.EegSimulatorService] Simulator sent packet: 256 samples, total=56320
2026-02-10 23:30:50.979 [DBG] [EegAcquisition.Services.Simulator.EegSimulatorService] Simulator sent packet: 256 samples, total=56576
2026-02-10 23:30:51.977 [DBG] [EegAcquisition.Services.Simulator.EegSimulatorService] Simulator sent packet: 256 samples, total=56832
2026-02-10 23:30:52.976 [DBG] [EegAcquisition.Services.Simulator.EegSimulatorService] Simulator sent packet: 256 samples, total=57088
2026-02-10 23:30:53.975 [DBG] [EegAcquisition.Services.Simulator.EegSimulatorService] Simulator sent packet: 256 samples, total=57344
2026-02-10 23:30:54.974 [DBG] [EegAcquisition.Services.Simulator.EegSimulatorService] Simulator sent packet: 256 samples, total=57600
2026-02-10 23:30:55.978 [DBG] [EegAcquisition.Services.Simulator.EegSimulatorService] Simulator sent packet: 256 samples, total=57856
2026-02-10 23:30:56.978 [DBG] [EegAcquisition.Services.Simulator.EegSimulatorService] Simulator sent packet: 256 samples, total=58112
2026-02-10 23:30:57.974 [DBG] [EegAcquisition.Services.Simulator.EegSimulatorService] Simulator sent packet: 256 samples, total=58368
2026-02-10 23:30:58.979 [DBG] [EegAcquisition.Services.Simulator.EegSimulatorService] Simulator sent packet: 256 samples, total=58624
2026-02-10 23:30:59.981 [DBG] [EegAcquisition.Services.Simulator.EegSimulatorService] Simulator sent packet: 256 samples, total=58880
2026-02-10 23:31:00.977 [DBG] [EegAcquisition.Services.Simulator.EegSimulatorService] Simulator sent packet: 256 samples, total=59136
2026-02-10 23:31:01.978 [DBG] [EegAcquisition.Services.Simulator.EegSimulatorService] Simulator sent packet: 256 samples, total=59392
2026-02-10 23:31:02.976 [DBG] [EegAcquisition.Services.Simulator.EegSimulatorService] Simulator sent packet: 256 samples, total=59648
2026-02-10 23:31:03.974 [DBG] [EegAcquisition.Services.Simulator.EegSimulatorService] Simulator sent packet: 256 samples, total=59904
2026-02-10 23:31:04.980 [DBG] [EegAcquisition.Services.Simulator.EegSimulatorService] Simulator sent packet: 256 samples, total=60160
2026-02-10 23:31:05.980 [DBG] [EegAcquisition.Services.Simulator.EegSimulatorService] Simulator sent packet: 256 samples, total=60416
2026-02-10 23:31:06.977 [DBG] [EegAcquisition.Services.Simulator.EegSimulatorService] Simulator sent packet: 256 samples, total=60672
2026-02-10 23:31:07.979 [DBG] [EegAcquisition.Services.Simulator.EegSimulatorService] Simulator sent packet: 256 samples, total=60928
2026-02-10 23:31:08.974 [DBG] [EegAcquisition.Services.Simulator.EegSimulatorService] Simulator sent packet: 256 samples, total=61184
2026-02-10 23:31:09.976 [DBG] [EegAcquisition.Services.Simulator.EegSimulatorService] Simulator sent packet: 256 samples, total=61440
2026-02-10 23:31:10.978 [DBG] [EegAcquisition.Services.Simulator.EegSimulatorService] Simulator sent packet: 256 samples, total=61696
2026-02-10 23:31:11.981 [DBG] [EegAcquisition.Services.Simulator.EegSimulatorService] Simulator sent packet: 256 samples, total=61952
2026-02-10 23:31:12.974 [DBG] [EegAcquisition.Services.Simulator.EegSimulatorService] Simulator sent packet: 256 samples, total=62208
2026-02-10 23:31:13.982 [DBG] [EegAcquisition.Services.Simulator.EegSimulatorService] Simulator sent packet: 256 samples, total=62464
2026-02-10 23:31:14.976 [DBG] [EegAcquisition.Services.Simulator.EegSimulatorService] Simulator sent packet: 256 samples, total=62720
2026-02-10 23:31:15.978 [DBG] [EegAcquisition.Services.Simulator.EegSimulatorService] Simulator sent packet: 256 samples, total=62976
2026-02-10 23:31:16.976 [DBG] [EegAcquisition.Services.Simulator.EegSimulatorService] Simulator sent packet: 256 samples, total=63232
2026-02-10 23:31:17.975 [DBG] [EegAcquisition.Services.Simulator.EegSimulatorService] Simulator sent packet: 256 samples, total=63488
2026-02-10 23:31:18.975 [DBG] [EegAcquisition.Services.Simulator.EegSimulatorService] Simulator sent packet: 256 samples, total=63744
2026-02-10 23:31:19.979 [DBG] [EegAcquisition.Services.Simulator.EegSimulatorService] Simulator sent packet: 256 samples, total=64000
2026-02-10 23:31:20.978 [DBG] [EegAcquisition.Services.Simulator.EegSimulatorService] Simulator sent packet: 256 samples, total=64256
2026-02-10 23:31:21.980 [DBG] [EegAcquisition.Services.Simulator.EegSimulatorService] Simulator sent packet: 256 samples, total=64512
2026-02-10 23:31:22.976 [DBG] [EegAcquisition.Services.Simulator.EegSimulatorService] Simulator sent packet: 256 samples, total=64768
2026-02-10 23:31:23.979 [DBG] [EegAcquisition.Services.Simulator.EegSimulatorService] Simulator sent packet: 256 samples, total=65024
2026-02-10 23:31:24.972 [DBG] [EegAcquisition.Services.Simulator.EegSimulatorService] Simulator sent packet: 256 samples, total=65280
2026-02-10 23:31:25.973 [DBG] [EegAcquisition.Services.Simulator.EegSimulatorService] Simulator sent packet: 256 samples, total=65536
2026-02-10 23:31:26.975 [DBG] [EegAcquisition.Services.Simulator.EegSimulatorService] Simulator sent packet: 256 samples, total=65792
2026-02-10 23:31:27.978 [DBG] [EegAcquisition.Services.Simulator.EegSimulatorService] Simulator sent packet: 256 samples, total=66048
2026-02-10 23:31:28.977 [DBG] [EegAcquisition.Services.Simulator.EegSimulatorService] Simulator sent packet: 256 samples, total=66304
2026-02-10 23:31:29.977 [DBG] [EegAcquisition.Services.Simulator.EegSimulatorService] Simulator sent packet: 256 samples, total=66560
2026-02-10 23:31:30.976 [DBG] [EegAcquisition.Services.Simulator.EegSimulatorService] Simulator sent packet: 256 samples, total=66816
2026-02-10 23:31:31.973 [DBG] [EegAcquisition.Services.Simulator.EegSimulatorService] Simulator sent packet: 256 samples, total=67072
2026-02-10 23:31:32.987 [DBG] [EegAcquisition.Services.Simulator.EegSimulatorService] Simulator sent packet: 256 samples, total=67328
2026-02-10 23:31:33.973 [DBG] [EegAcquisition.Services.Simulator.EegSimulatorService] Simulator sent packet: 256 samples, total=67584
2026-02-10 23:31:34.976 [DBG] [EegAcquisition.Services.Simulator.EegSimulatorService] Simulator sent packet: 256 samples, total=67840
2026-02-10 23:31:35.975 [DBG] [EegAcquisition.Services.Simulator.EegSimulatorService] Simulator sent packet: 256 samples, total=68096
2026-02-10 23:31:36.975 [DBG] [EegAcquisition.Services.Simulator.EegSimulatorService] Simulator sent packet: 256 samples, total=68352
2026-02-10 23:31:37.985 [DBG] [EegAcquisition.Services.Simulator.EegSimulatorService] Simulator sent packet: 256 samples, total=68608
2026-02-10 23:31:38.979 [DBG] [EegAcquisition.Services.Simulator.EegSimulatorService] Simulator sent packet: 256 samples, total=68864
2026-02-10 23:31:39.975 [DBG] [EegAcquisition.Services.Simulator.EegSimulatorService] Simulator sent packet: 256 samples, total=69120
2026-02-10 23:31:40.977 [DBG] [EegAcquisition.Services.Simulator.EegSimulatorService] Simulator sent packet: 256 samples, total=69376
2026-02-10 23:31:41.977 [DBG] [EegAcquisition.Services.Simulator.EegSimulatorService] Simulator sent packet: 256 samples, total=69632
2026-02-10 23:31:42.973 [DBG] [EegAcquisition.Services.Simulator.EegSimulatorService] Simulator sent packet: 256 samples, total=69888
2026-02-10 23:31:43.987 [DBG] [EegAcquisition.Services.Simulator.EegSimulatorService] Simulator sent packet: 256 samples, total=70144
2026-02-10 23:31:44.975 [DBG] [EegAcquisition.Services.Simulator.EegSimulatorService] Simulator sent packet: 256 samples, total=70400
2026-02-10 23:31:45.976 [DBG] [EegAcquisition.Services.Simulator.EegSimulatorService] Simulator sent packet: 256 samples, total=70656
2026-02-10 23:31:46.976 [DBG] [EegAcquisition.Services.Simulator.EegSimulatorService] Simulator sent packet: 256 samples, total=70912
2026-02-10 23:31:47.973 [DBG] [EegAcquisition.Services.Simulator.EegSimulatorService] Simulator sent packet: 256 samples, total=71168
2026-02-10 23:31:48.973 [DBG] [EegAcquisition.Services.Simulator.EegSimulatorService] Simulator sent packet: 256 samples, total=71424
2026-02-10 23:31:49.977 [DBG] [EegAcquisition.Services.Simulator.EegSimulatorService] Simulator sent packet: 256 samples, total=71680
2026-02-10 23:31:50.976 [DBG] [EegAcquisition.Services.Simulator.EegSimulatorService] Simulator sent packet: 256 samples, total=71936
2026-02-10 23:31:51.975 [DBG] [EegAcquisition.Services.Simulator.EegSimulatorService] Simulator sent packet: 256 samples, total=72192
2026-02-10 23:31:52.972 [DBG] [EegAcquisition.Services.Simulator.EegSimulatorService] Simulator sent packet: 256 samples, total=72448
2026-02-10 23:31:53.977 [DBG] [EegAcquisition.Services.Simulator.EegSimulatorService] Simulator sent packet: 256 samples, total=72704
2026-02-10 23:31:54.974 [DBG] [EegAcquisition.Services.Simulator.EegSimulatorService] Simulator sent packet: 256 samples, total=72960
2026-02-10 23:31:55.973 [DBG] [EegAcquisition.Services.Simulator.EegSimulatorService] Simulator sent packet: 256 samples, total=73216
2026-02-10 23:31:56.974 [DBG] [EegAcquisition.Services.Simulator.EegSimulatorService] Simulator sent packet: 256 samples, total=73472
2026-02-10 23:31:57.976 [DBG] [EegAcquisition.Services.Simulator.EegSimulatorService] Simulator sent packet: 256 samples, total=73728
2026-02-10 23:31:58.972 [DBG] [EegAcquisition.Services.Simulator.EegSimulatorService] Simulator sent packet: 256 samples, total=73984
2026-02-10 23:31:59.985 [DBG] [EegAcquisition.Services.Simulator.EegSimulatorService] Simulator sent packet: 256 samples, total=74240
2026-02-10 23:32:00.985 [DBG] [EegAcquisition.Services.Simulator.EegSimulatorService] Simulator sent packet: 256 samples, total=74496
2026-02-10 23:32:01.984 [DBG] [EegAcquisition.Services.Simulator.EegSimulatorService] Simulator sent packet: 256 samples, total=74752
2026-02-10 23:32:02.976 [DBG] [EegAcquisition.Services.Simulator.EegSimulatorService] Simulator sent packet: 256 samples, total=75008
2026-02-10 23:32:03.974 [DBG] [EegAcquisition.Services.Simulator.EegSimulatorService] Simulator sent packet: 256 samples, total=75264
2026-02-10 23:32:04.987 [DBG] [EegAcquisition.Services.Simulator.EegSimulatorService] Simulator sent packet: 256 samples, total=75520
2026-02-10 23:32:05.979 [DBG] [EegAcquisition.Services.Simulator.EegSimulatorService] Simulator sent packet: 256 samples, total=75776
2026-02-10 23:32:06.986 [DBG] [EegAcquisition.Services.Simulator.EegSimulatorService] Simulator sent packet: 256 samples, total=76032
2026-02-10 23:32:07.974 [DBG] [EegAcquisition.Services.Simulator.EegSimulatorService] Simulator sent packet: 256 samples, total=76288
2026-02-10 23:32:08.975 [DBG] [EegAcquisition.Services.Simulator.EegSimulatorService] Simulator sent packet: 256 samples, total=76544
2026-02-10 23:32:09.986 [DBG] [EegAcquisition.Services.Simulator.EegSimulatorService] Simulator sent packet: 256 samples, total=76800
2026-02-10 23:32:10.972 [DBG] [EegAcquisition.Services.Simulator.EegSimulatorService] Simulator sent packet: 256 samples, total=77056
2026-02-10 23:32:11.977 [DBG] [EegAcquisition.Services.Simulator.EegSimulatorService] Simulator sent packet: 256 samples, total=77312
2026-02-10 23:32:12.987 [DBG] [EegAcquisition.Services.Simulator.EegSimulatorService] Simulator sent packet: 256 samples, total=77568
2026-02-10 23:32:13.973 [DBG] [EegAcquisition.Services.Simulator.EegSimulatorService] Simulator sent packet: 256 samples, total=77824
2026-02-10 23:32:14.975 [DBG] [EegAcquisition.Services.Simulator.EegSimulatorService] Simulator sent packet: 256 samples, total=78080
2026-02-10 23:32:15.987 [DBG] [EegAcquisition.Services.Simulator.EegSimulatorService] Simulator sent packet: 256 samples, total=78336
2026-02-10 23:32:16.987 [DBG] [EegAcquisition.Services.Simulator.EegSimulatorService] Simulator sent packet: 256 samples, total=78592
2026-02-10 23:32:17.988 [DBG] [EegAcquisition.Services.Simulator.EegSimulatorService] Simulator sent packet: 256 samples, total=78848
2026-02-10 23:32:18.977 [DBG] [EegAcquisition.Services.Simulator.EegSimulatorService] Simulator sent packet: 256 samples, total=79104
2026-02-10 23:32:19.975 [DBG] [EegAcquisition.Services.Simulator.EegSimulatorService] Simulator sent packet: 256 samples, total=79360
2026-02-10 23:32:20.989 [DBG] [EegAcquisition.Services.Simulator.EegSimulatorService] Simulator sent packet: 256 samples, total=79616
2026-02-10 23:32:21.973 [DBG] [EegAcquisition.Services.Simulator.EegSimulatorService] Simulator sent packet: 256 samples, total=79872
2026-02-10 23:32:22.981 [DBG] [EegAcquisition.Services.Simulator.EegSimulatorService] Simulator sent packet: 256 samples, total=80128
2026-02-10 23:32:23.974 [DBG] [EegAcquisition.Services.Simulator.EegSimulatorService] Simulator sent packet: 256 samples, total=80384
2026-02-10 23:32:24.975 [DBG] [EegAcquisition.Services.Simulator.EegSimulatorService] Simulator sent packet: 256 samples, total=80640
2026-02-10 23:32:25.974 [DBG] [EegAcquisition.Services.Simulator.EegSimulatorService] Simulator sent packet: 256 samples, total=80896
2026-02-10 23:32:26.983 [DBG] [EegAcquisition.Services.Simulator.EegSimulatorService] Simulator sent packet: 256 samples, total=81152
2026-02-10 23:32:27.975 [DBG] [EegAcquisition.Services.Simulator.EegSimulatorService] Simulator sent packet: 256 samples, total=81408
2026-02-10 23:32:28.986 [DBG] [EegAcquisition.Services.Simulator.EegSimulatorService] Simulator sent packet: 256 samples, total=81664
2026-02-10 23:32:29.979 [DBG] [EegAcquisition.Services.Simulator.EegSimulatorService] Simulator sent packet: 256 samples, total=81920
2026-02-10 23:32:30.989 [DBG] [EegAcquisition.Services.Simulator.EegSimulatorService] Simulator sent packet: 256 samples, total=82176
2026-02-10 23:32:31.978 [DBG] [EegAcquisition.Services.Simulator.EegSimulatorService] Simulator sent packet: 256 samples, total=82432
2026-02-10 23:32:32.973 [DBG] [EegAcquisition.Services.Simulator.EegSimulatorService] Simulator sent packet: 256 samples, total=82688
2026-02-10 23:32:33.974 [DBG] [EegAcquisition.Services.Simulator.EegSimulatorService] Simulator sent packet: 256 samples, total=82944
2026-02-10 23:32:34.978 [DBG] [EegAcquisition.Services.Simulator.EegSimulatorService] Simulator sent packet: 256 samples, total=83200
2026-02-10 23:32:35.973 [DBG] [EegAcquisition.Services.Simulator.EegSimulatorService] Simulator sent packet: 256 samples, total=83456
2026-02-10 23:32:36.986 [DBG] [EegAcquisition.Services.Simulator.EegSimulatorService] Simulator sent packet: 256 samples, total=83712
2026-02-10 23:32:37.977 [DBG] [EegAcquisition.Services.Simulator.EegSimulatorService] Simulator sent packet: 256 samples, total=83968
2026-02-10 23:32:38.973 [DBG] [EegAcquisition.Services.Simulator.EegSimulatorService] Simulator sent packet: 256 samples, total=84224
2026-02-10 23:32:39.973 [DBG] [EegAcquisition.Services.Simulator.EegSimulatorService] Simulator sent packet: 256 samples, total=84480
2026-02-10 23:32:40.987 [DBG] [EegAcquisition.Services.Simulator.EegSimulatorService] Simulator sent packet: 256 samples, total=84736
2026-02-10 23:32:41.972 [DBG] [EegAcquisition.Services.Simulator.EegSimulatorService] Simulator sent packet: 256 samples, total=84992
2026-02-10 23:32:42.973 [DBG] [EegAcquisition.Services.Simulator.EegSimulatorService] Simulator sent packet: 256 samples, total=85248
2026-02-10 23:32:43.975 [DBG] [EegAcquisition.Services.Simulator.EegSimulatorService] Simulator sent packet: 256 samples, total=85504
2026-02-10 23:32:44.972 [DBG] [EegAcquisition.Services.Simulator.EegSimulatorService] Simulator sent packet: 256 samples, total=85760
2026-02-10 23:32:45.973 [DBG] [EegAcquisition.Services.Simulator.EegSimulatorService] Simulator sent packet: 256 samples, total=86016
2026-02-10 23:32:46.988 [DBG] [EegAcquisition.Services.Simulator.EegSimulatorService] Simulator sent packet: 256 samples, total=86272
2026-02-10 23:32:47.987 [DBG] [EegAcquisition.Services.Simulator.EegSimulatorService] Simulator sent packet: 256 samples, total=86528
2026-02-10 23:32:48.987 [DBG] [EegAcquisition.Services.Simulator.EegSimulatorService] Simulator sent packet: 256 samples, total=86784
2026-02-10 23:32:49.983 [DBG] [EegAcquisition.Services.Simulator.EegSimulatorService] Simulator sent packet: 256 samples, total=87040
2026-02-10 23:32:50.987 [DBG] [EegAcquisition.Services.Simulator.EegSimulatorService] Simulator sent packet: 256 samples, total=87296
2026-02-10 23:32:51.988 [DBG] [EegAcquisition.Services.Simulator.EegSimulatorService] Simulator sent packet: 256 samples, total=87552
2026-02-10 23:32:52.985 [DBG] [EegAcquisition.Services.Simulator.EegSimulatorService] Simulator sent packet: 256 samples, total=87808
2026-02-10 23:32:53.984 [DBG] [EegAcquisition.Services.Simulator.EegSimulatorService] Simulator sent packet: 256 samples, total=88064
2026-02-10 23:32:54.985 [DBG] [EegAcquisition.Services.Simulator.EegSimulatorService] Simulator sent packet: 256 samples, total=88320
2026-02-10 23:32:55.986 [DBG] [EegAcquisition.Services.Simulator.EegSimulatorService] Simulator sent packet: 256 samples, total=88576
2026-02-10 23:32:56.987 [DBG] [EegAcquisition.Services.Simulator.EegSimulatorService] Simulator sent packet: 256 samples, total=88832
2026-02-10 23:32:57.978 [DBG] [EegAcquisition.Services.Simulator.EegSimulatorService] Simulator sent packet: 256 samples, total=89088
2026-02-10 23:32:58.986 [DBG] [EegAcquisition.Services.Simulator.EegSimulatorService] Simulator sent packet: 256 samples, total=89344
2026-02-10 23:32:59.990 [DBG] [EegAcquisition.Services.Simulator.EegSimulatorService] Simulator sent packet: 256 samples, total=89600
2026-02-10 23:33:00.975 [DBG] [EegAcquisition.Services.Simulator.EegSimulatorService] Simulator sent packet: 256 samples, total=89856
2026-02-10 23:33:01.979 [DBG] [EegAcquisition.Services.Simulator.EegSimulatorService] Simulator sent packet: 256 samples, total=90112
2026-02-10 23:33:02.974 [DBG] [EegAcquisition.Services.Simulator.EegSimulatorService] Simulator sent packet: 256 samples, total=90368
2026-02-10 23:33:03.978 [DBG] [EegAcquisition.Services.Simulator.EegSimulatorService] Simulator sent packet: 256 samples, total=90624
2026-02-10 23:33:04.972 [DBG] [EegAcquisition.Services.Simulator.EegSimulatorService] Simulator sent packet: 256 samples, total=90880
2026-02-10 23:33:05.974 [DBG] [EegAcquisition.Services.Simulator.EegSimulatorService] Simulator sent packet: 256 samples, total=91136
2026-02-10 23:33:06.990 [DBG] [EegAcquisition.Services.Simulator.EegSimulatorService] Simulator sent packet: 256 samples, total=91392
2026-02-10 23:33:07.990 [DBG] [EegAcquisition.Services.Simulator.EegSimulatorService] Simulator sent packet: 256 samples, total=91648
2026-02-10 23:33:08.990 [DBG] [EegAcquisition.Services.Simulator.EegSimulatorService] Simulator sent packet: 256 samples, total=91904
2026-02-10 23:33:09.991 [DBG] [EegAcquisition.Services.Simulator.EegSimulatorService] Simulator sent packet: 256 samples, total=92160
2026-02-10 23:33:10.988 [DBG] [EegAcquisition.Services.Simulator.EegSimulatorService] Simulator sent packet: 256 samples, total=92416
2026-02-10 23:33:11.987 [DBG] [EegAcquisition.Services.Simulator.EegSimulatorService] Simulator sent packet: 256 samples, total=92672
2026-02-10 23:33:12.983 [DBG] [EegAcquisition.Services.Simulator.EegSimulatorService] Simulator sent packet: 256 samples, total=92928
2026-02-10 23:33:13.972 [DBG] [EegAcquisition.Services.Simulator.EegSimulatorService] Simulator sent packet: 256 samples, total=93184
2026-02-10 23:33:14.985 [DBG] [EegAcquisition.Services.Simulator.EegSimulatorService] Simulator sent packet: 256 samples, total=93440
2026-02-10 23:33:15.985 [DBG] [EegAcquisition.Services.Simulator.EegSimulatorService] Simulator sent packet: 256 samples, total=93696
2026-02-10 23:33:16.985 [DBG] [EegAcquisition.Services.Simulator.EegSimulatorService] Simulator sent packet: 256 samples, total=93952
2026-02-10 23:33:17.985 [DBG] [EegAcquisition.Services.Simulator.EegSimulatorService] Simulator sent packet: 256 samples, total=94208
2026-02-10 23:33:18.984 [DBG] [EegAcquisition.Services.Simulator.EegSimulatorService] Simulator sent packet: 256 samples, total=94464
2026-02-10 23:33:19.985 [DBG] [EegAcquisition.Services.Simulator.EegSimulatorService] Simulator sent packet: 256 samples, total=94720
2026-02-10 23:33:20.986 [DBG] [EegAcquisition.Services.Simulator.EegSimulatorService] Simulator sent packet: 256 samples, total=94976
2026-02-10 23:33:21.983 [DBG] [EegAcquisition.Services.Simulator.EegSimulatorService] Simulator sent packet: 256 samples, total=95232
2026-02-10 23:33:22.974 [DBG] [EegAcquisition.Services.Simulator.EegSimulatorService] Simulator sent packet: 256 samples, total=95488
2026-02-10 23:33:23.973 [DBG] [EegAcquisition.Services.Simulator.EegSimulatorService] Simulator sent packet: 256 samples, total=95744
2026-02-10 23:33:24.984 [DBG] [EegAcquisition.Services.Simulator.EegSimulatorService] Simulator sent packet: 256 samples, total=96000
2026-02-10 23:33:25.982 [DBG] [EegAcquisition.Services.Simulator.EegSimulatorService] Simulator sent packet: 256 samples, total=96256
2026-02-10 23:33:26.984 [DBG] [EegAcquisition.Services.Simulator.EegSimulatorService] Simulator sent packet: 256 samples, total=96512
2026-02-10 23:33:27.989 [DBG] [EegAcquisition.Services.Simulator.EegSimulatorService] Simulator sent packet: 256 samples, total=96768
2026-02-10 23:33:28.984 [DBG] [EegAcquisition.Services.Simulator.EegSimulatorService] Simulator sent packet: 256 samples, total=97024
2026-02-10 23:33:29.989 [DBG] [EegAcquisition.Services.Simulator.EegSimulatorService] Simulator sent packet: 256 samples, total=97280
2026-02-10 23:33:30.983 [DBG] [EegAcquisition.Services.Simulator.EegSimulatorService] Simulator sent packet: 256 samples, total=97536
2026-02-10 23:33:31.976 [DBG] [EegAcquisition.Services.Simulator.EegSimulatorService] Simulator sent packet: 256 samples, total=97792
2026-02-10 23:33:32.983 [DBG] [EegAcquisition.Services.Simulator.EegSimulatorService] Simulator sent packet: 256 samples, total=98048
2026-02-10 23:33:33.987 [DBG] [EegAcquisition.Services.Simulator.EegSimulatorService] Simulator sent packet: 256 samples, total=98304
2026-02-10 23:33:34.986 [DBG] [EegAcquisition.Services.Simulator.EegSimulatorService] Simulator sent packet: 256 samples, total=98560
2026-02-10 23:33:35.985 [DBG] [EegAcquisition.Services.Simulator.EegSimulatorService] Simulator sent packet: 256 samples, total=98816
2026-02-10 23:33:36.983 [DBG] [EegAcquisition.Services.Simulator.EegSimulatorService] Simulator sent packet: 256 samples, total=99072
2026-02-10 23:33:37.978 [DBG] [EegAcquisition.Services.Simulator.EegSimulatorService] Simulator sent packet: 256 samples, total=99328
2026-02-10 23:33:38.983 [DBG] [EegAcquisition.Services.Simulator.EegSimulatorService] Simulator sent packet: 256 samples, total=99584
2026-02-10 23:33:39.990 [DBG] [EegAcquisition.Services.Simulator.EegSimulatorService] Simulator sent packet: 256 samples, total=99840
2026-02-10 23:33:40.987 [DBG] [EegAcquisition.Services.Simulator.EegSimulatorService] Simulator sent packet: 256 samples, total=100096
2026-02-10 23:33:41.984 [DBG] [EegAcquisition.Services.Simulator.EegSimulatorService] Simulator sent packet: 256 samples, total=100352
2026-02-10 23:33:42.986 [DBG] [EegAcquisition.Services.Simulator.EegSimulatorService] Simulator sent packet: 256 samples, total=100608
2026-02-10 23:33:43.983 [DBG] [EegAcquisition.Services.Simulator.EegSimulatorService] Simulator sent packet: 256 samples, total=100864
2026-02-10 23:33:44.988 [DBG] [EegAcquisition.Services.Simulator.EegSimulatorService] Simulator sent packet: 256 samples, total=101120
2026-02-10 23:33:45.984 [DBG] [EegAcquisition.Services.Simulator.EegSimulatorService] Simulator sent packet: 256 samples, total=101376
2026-02-10 23:33:46.987 [DBG] [EegAcquisition.Services.Simulator.EegSimulatorService] Simulator sent packet: 256 samples, total=101632
2026-02-10 23:33:47.973 [DBG] [EegAcquisition.Services.Simulator.EegSimulatorService] Simulator sent packet: 256 samples, total=101888
2026-02-10 23:33:48.973 [DBG] [EegAcquisition.Services.Simulator.EegSimulatorService] Simulator sent packet: 256 samples, total=102144
2026-02-10 23:33:49.980 [DBG] [EegAcquisition.Services.Simulator.EegSimulatorService] Simulator sent packet: 256 samples, total=102400
2026-02-10 23:33:50.985 [DBG] [EegAcquisition.Services.Simulator.EegSimulatorService] Simulator sent packet: 256 samples, total=102656
2026-02-10 23:33:51.987 [DBG] [EegAcquisition.Services.Simulator.EegSimulatorService] Simulator sent packet: 256 samples, total=102912
2026-02-10 23:33:52.994 [DBG] [EegAcquisition.Services.Simulator.EegSimulatorService] Simulator sent packet: 256 samples, total=103168
2026-02-10 23:33:53.987 [DBG] [EegAcquisition.Services.Simulator.EegSimulatorService] Simulator sent packet: 256 samples, total=103424
2026-02-10 23:33:54.982 [DBG] [EegAcquisition.Services.Simulator.EegSimulatorService] Simulator sent packet: 256 samples, total=103680
2026-02-10 23:33:55.977 [DBG] [EegAcquisition.Services.Simulator.EegSimulatorService] Simulator sent packet: 256 samples, total=103936
2026-02-10 23:33:56.984 [DBG] [EegAcquisition.Services.Simulator.EegSimulatorService] Simulator sent packet: 256 samples, total=104192
2026-02-10 23:33:57.982 [DBG] [EegAcquisition.Services.Simulator.EegSimulatorService] Simulator sent packet: 256 samples, total=104448
2026-02-10 23:33:58.983 [DBG] [EegAcquisition.Services.Simulator.EegSimulatorService] Simulator sent packet: 256 samples, total=104704
2026-02-10 23:33:59.981 [DBG] [EegAcquisition.Services.Simulator.EegSimulatorService] Simulator sent packet: 256 samples, total=104960
2026-02-10 23:34:00.983 [DBG] [EegAcquisition.Services.Simulator.EegSimulatorService] Simulator sent packet: 256 samples, total=105216
2026-02-10 23:34:01.976 [DBG] [EegAcquisition.Services.Simulator.EegSimulatorService] Simulator sent packet: 256 samples, total=105472
2026-02-10 23:34:02.984 [DBG] [EegAcquisition.Services.Simulator.EegSimulatorService] Simulator sent packet: 256 samples, total=105728
2026-02-10 23:34:03.984 [DBG] [EegAcquisition.Services.Simulator.EegSimulatorService] Simulator sent packet: 256 samples, total=105984
2026-02-10 23:34:04.982 [DBG] [EegAcquisition.Services.Simulator.EegSimulatorService] Simulator sent packet: 256 samples, total=106240
2026-02-10 23:34:05.982 [DBG] [EegAcquisition.Services.Simulator.EegSimulatorService] Simulator sent packet: 256 samples, total=106496
2026-02-10 23:34:06.982 [DBG] [EegAcquisition.Services.Simulator.EegSimulatorService] Simulator sent packet: 256 samples, total=106752
2026-02-10 23:34:07.973 [DBG] [EegAcquisition.Services.Simulator.EegSimulatorService] Simulator sent packet: 256 samples, total=107008
2026-02-10 23:34:08.981 [DBG] [EegAcquisition.Services.Simulator.EegSimulatorService] Simulator sent packet: 256 samples, total=107264
2026-02-10 23:34:09.982 [DBG] [EegAcquisition.Services.Simulator.EegSimulatorService] Simulator sent packet: 256 samples, total=107520
2026-02-10 23:34:10.982 [DBG] [EegAcquisition.Services.Simulator.EegSimulatorService] Simulator sent packet: 256 samples, total=107776
2026-02-10 23:34:11.983 [DBG] [EegAcquisition.Services.Simulator.EegSimulatorService] Simulator sent packet: 256 samples, total=108032
2026-02-10 23:34:12.983 [DBG] [EegAcquisition.Services.Simulator.EegSimulatorService] Simulator sent packet: 256 samples, total=108288
2026-02-10 23:34:13.976 [DBG] [EegAcquisition.Services.Simulator.EegSimulatorService] Simulator sent packet: 256 samples, total=108544
2026-02-10 23:34:14.982 [DBG] [EegAcquisition.Services.Simulator.EegSimulatorService] Simulator sent packet: 256 samples, total=108800
2026-02-10 23:34:15.983 [DBG] [EegAcquisition.Services.Simulator.EegSimulatorService] Simulator sent packet: 256 samples, total=109056
2026-02-10 23:34:16.984 [DBG] [EegAcquisition.Services.Simulator.EegSimulatorService] Simulator sent packet: 256 samples, total=109312
2026-02-10 23:34:17.984 [DBG] [EegAcquisition.Services.Simulator.EegSimulatorService] Simulator sent packet: 256 samples, total=109568
2026-02-10 23:34:18.984 [DBG] [EegAcquisition.Services.Simulator.EegSimulatorService] Simulator sent packet: 256 samples, total=109824
2026-02-10 23:34:19.979 [DBG] [EegAcquisition.Services.Simulator.EegSimulatorService] Simulator sent packet: 256 samples, total=110080
2026-02-10 23:34:20.982 [DBG] [EegAcquisition.Services.Simulator.EegSimulatorService] Simulator sent packet: 256 samples, total=110336
2026-02-10 23:34:21.980 [DBG] [EegAcquisition.Services.Simulator.EegSimulatorService] Simulator sent packet: 256 samples, total=110592
2026-02-10 23:34:22.980 [DBG] [EegAcquisition.Services.Simulator.EegSimulatorService] Simulator sent packet: 256 samples, total=110848
2026-02-10 23:34:23.983 [DBG] [EegAcquisition.Services.Simulator.EegSimulatorService] Simulator sent packet: 256 samples, total=111104
2026-02-10 23:34:24.973 [DBG] [EegAcquisition.Services.Simulator.EegSimulatorService] Simulator sent packet: 256 samples, total=111360
2026-02-10 23:34:25.987 [DBG] [EegAcquisition.Services.Simulator.EegSimulatorService] Simulator sent packet: 256 samples, total=111616
2026-02-10 23:34:26.984 [DBG] [EegAcquisition.Services.Simulator.EegSimulatorService] Simulator sent packet: 256 samples, total=111872
2026-02-10 23:34:27.985 [DBG] [EegAcquisition.Services.Simulator.EegSimulatorService] Simulator sent packet: 256 samples, total=112128
2026-02-10 23:34:28.975 [DBG] [EegAcquisition.Services.Simulator.EegSimulatorService] Simulator sent packet: 256 samples, total=112384
2026-02-10 23:34:29.991 [DBG] [EegAcquisition.Services.Simulator.EegSimulatorService] Simulator sent packet: 256 samples, total=112640
2026-02-10 23:34:30.989 [DBG] [EegAcquisition.Services.Simulator.EegSimulatorService] Simulator sent packet: 256 samples, total=112896
2026-02-10 23:34:31.982 [DBG] [EegAcquisition.Services.Simulator.EegSimulatorService] Simulator sent packet: 256 samples, total=113152
2026-02-10 23:34:32.985 [DBG] [EegAcquisition.Services.Simulator.EegSimulatorService] Simulator sent packet: 256 samples, total=113408
2026-02-10 23:34:33.984 [DBG] [EegAcquisition.Services.Simulator.EegSimulatorService] Simulator sent packet: 256 samples, total=113664
2026-02-10 23:34:34.986 [DBG] [EegAcquisition.Services.Simulator.EegSimulatorService] Simulator sent packet: 256 samples, total=113920
2026-02-10 23:34:35.983 [DBG] [EegAcquisition.Services.Simulator.EegSimulatorService] Simulator sent packet: 256 samples, total=114176
2026-02-10 23:34:36.980 [DBG] [EegAcquisition.Services.Simulator.EegSimulatorService] Simulator sent packet: 256 samples, total=114432
2026-02-10 23:34:37.983 [DBG] [EegAcquisition.Services.Simulator.EegSimulatorService] Simulator sent packet: 256 samples, total=114688
2026-02-10 23:34:38.974 [DBG] [EegAcquisition.Services.Simulator.EegSimulatorService] Simulator sent packet: 256 samples, total=114944
2026-02-10 23:34:39.986 [DBG] [EegAcquisition.Services.Simulator.EegSimulatorService] Simulator sent packet: 256 samples, total=115200
2026-02-10 23:34:40.984 [DBG] [EegAcquisition.Services.Simulator.EegSimulatorService] Simulator sent packet: 256 samples, total=115456
2026-02-10 23:34:41.983 [DBG] [EegAcquisition.Services.Simulator.EegSimulatorService] Simulator sent packet: 256 samples, total=115712
2026-02-10 23:34:42.987 [DBG] [EegAcquisition.Services.Simulator.EegSimulatorService] Simulator sent packet: 256 samples, total=115968
2026-02-10 23:34:43.982 [DBG] [EegAcquisition.Services.Simulator.EegSimulatorService] Simulator sent packet: 256 samples, total=116224
2026-02-10 23:34:44.982 [DBG] [EegAcquisition.Services.Simulator.EegSimulatorService] Simulator sent packet: 256 samples, total=116480
2026-02-10 23:34:45.974 [DBG] [EegAcquisition.Services.Simulator.EegSimulatorService] Simulator sent packet: 256 samples, total=116736
2026-02-10 23:34:46.984 [DBG] [EegAcquisition.Services.Simulator.EegSimulatorService] Simulator sent packet: 256 samples, total=116992
2026-02-10 23:34:47.983 [DBG] [EegAcquisition.Services.Simulator.EegSimulatorService] Simulator sent packet: 256 samples, total=117248
2026-02-10 23:34:48.983 [DBG] [EegAcquisition.Services.Simulator.EegSimulatorService] Simulator sent packet: 256 samples, total=117504
2026-02-10 23:34:49.979 [DBG] [EegAcquisition.Services.Simulator.EegSimulatorService] Simulator sent packet: 256 samples, total=117760
2026-02-10 23:34:50.982 [DBG] [EegAcquisition.Services.Simulator.EegSimulatorService] Simulator sent packet: 256 samples, total=118016
2026-02-10 23:34:51.978 [DBG] [EegAcquisition.Services.Simulator.EegSimulatorService] Simulator sent packet: 256 samples, total=118272
2026-02-10 23:34:52.974 [DBG] [EegAcquisition.Services.Simulator.EegSimulatorService] Simulator sent packet: 256 samples, total=118528
2026-02-10 23:34:53.984 [DBG] [EegAcquisition.Services.Simulator.EegSimulatorService] Simulator sent packet: 256 samples, total=118784
2026-02-10 23:34:54.976 [DBG] [EegAcquisition.Services.Simulator.EegSimulatorService] Simulator sent packet: 256 samples, total=119040
2026-02-10 23:34:55.987 [DBG] [EegAcquisition.Services.Simulator.EegSimulatorService] Simulator sent packet: 256 samples, total=119296
2026-02-10 23:34:56.978 [DBG] [EegAcquisition.Services.Simulator.EegSimulatorService] Simulator sent packet: 256 samples, total=119552
2026-02-10 23:34:57.973 [DBG] [EegAcquisition.Services.Simulator.EegSimulatorService] Simulator sent packet: 256 samples, total=119808
2026-02-10 23:34:58.975 [DBG] [EegAcquisition.Services.Simulator.EegSimulatorService] Simulator sent packet: 256 samples, total=120064
2026-02-10 23:34:59.973 [DBG] [EegAcquisition.Services.Simulator.EegSimulatorService] Simulator sent packet: 256 samples, total=120320
2026-02-10 23:35:00.987 [DBG] [EegAcquisition.Services.Simulator.EegSimulatorService] Simulator sent packet: 256 samples, total=120576
2026-02-10 23:35:01.981 [DBG] [EegAcquisition.Services.Simulator.EegSimulatorService] Simulator sent packet: 256 samples, total=120832
2026-02-10 23:35:02.984 [DBG] [EegAcquisition.Services.Simulator.EegSimulatorService] Simulator sent packet: 256 samples, total=121088
2026-02-10 23:35:03.977 [DBG] [EegAcquisition.Services.Simulator.EegSimulatorService] Simulator sent packet: 256 samples, total=121344
2026-02-10 23:35:04.986 [DBG] [EegAcquisition.Services.Simulator.EegSimulatorService] Simulator sent packet: 256 samples, total=121600
2026-02-10 23:35:05.980 [DBG] [EegAcquisition.Services.Simulator.EegSimulatorService] Simulator sent packet: 256 samples, total=121856
2026-02-10 23:35:06.982 [DBG] [EegAcquisition.Services.Simulator.EegSimulatorService] Simulator sent packet: 256 samples, total=122112
2026-02-10 23:35:07.984 [DBG] [EegAcquisition.Services.Simulator.EegSimulatorService] Simulator sent packet: 256 samples, total=122368
2026-02-10 23:35:08.983 [DBG] [EegAcquisition.Services.Simulator.EegSimulatorService] Simulator sent packet: 256 samples, total=122624
2026-02-10 23:35:09.987 [DBG] [EegAcquisition.Services.Simulator.EegSimulatorService] Simulator sent packet: 256 samples, total=122880
2026-02-10 23:35:10.986 [DBG] [EegAcquisition.Services.Simulator.EegSimulatorService] Simulator sent packet: 256 samples, total=123136
2026-02-10 23:35:11.979 [DBG] [EegAcquisition.Services.Simulator.EegSimulatorService] Simulator sent packet: 256 samples, total=123392
2026-02-10 23:35:12.984 [DBG] [EegAcquisition.Services.Simulator.EegSimulatorService] Simulator sent packet: 256 samples, total=123648
2026-02-10 23:35:13.984 [DBG] [EegAcquisition.Services.Simulator.EegSimulatorService] Simulator sent packet: 256 samples, total=123904
2026-02-10 23:35:14.980 [DBG] [EegAcquisition.Services.Simulator.EegSimulatorService] Simulator sent packet: 256 samples, total=124160
2026-02-10 23:35:15.978 [DBG] [EegAcquisition.Services.Simulator.EegSimulatorService] Simulator sent packet: 256 samples, total=124416
2026-02-10 23:35:16.979 [DBG] [EegAcquisition.Services.Simulator.EegSimulatorService] Simulator sent packet: 256 samples, total=124672
2026-02-10 23:35:17.973 [DBG] [EegAcquisition.Services.Simulator.EegSimulatorService] Simulator sent packet: 256 samples, total=124928
2026-02-10 23:35:18.978 [DBG] [EegAcquisition.Services.Simulator.EegSimulatorService] Simulator sent packet: 256 samples, total=125184
2026-02-10 23:35:19.984 [DBG] [EegAcquisition.Services.Simulator.EegSimulatorService] Simulator sent packet: 256 samples, total=125440
2026-02-10 23:35:20.988 [DBG] [EegAcquisition.Services.Simulator.EegSimulatorService] Simulator sent packet: 256 samples, total=125696
2026-02-10 23:35:21.983 [DBG] [EegAcquisition.Services.Simulator.EegSimulatorService] Simulator sent packet: 256 samples, total=125952
2026-02-10 23:35:22.982 [DBG] [EegAcquisition.Services.Simulator.EegSimulatorService] Simulator sent packet: 256 samples, total=126208
2026-02-10 23:35:23.982 [DBG] [EegAcquisition.Services.Simulator.EegSimulatorService] Simulator sent packet: 256 samples, total=126464
2026-02-10 23:35:24.985 [DBG] [EegAcquisition.Services.Simulator.EegSimulatorService] Simulator sent packet: 256 samples, total=126720
2026-02-10 23:35:25.984 [DBG] [EegAcquisition.Services.Simulator.EegSimulatorService] Simulator sent packet: 256 samples, total=126976
2026-02-10 23:35:26.980 [DBG] [EegAcquisition.Services.Simulator.EegSimulatorService] Simulator sent packet: 256 samples, total=127232
2026-02-10 23:35:27.982 [DBG] [EegAcquisition.Services.Simulator.EegSimulatorService] Simulator sent packet: 256 samples, total=127488
2026-02-10 23:35:28.988 [DBG] [EegAcquisition.Services.Simulator.EegSimulatorService] Simulator sent packet: 256 samples, total=127744
2026-02-10 23:35:29.985 [DBG] [EegAcquisition.Services.Simulator.EegSimulatorService] Simulator sent packet: 256 samples, total=128000
2026-02-10 23:35:30.981 [DBG] [EegAcquisition.Services.Simulator.EegSimulatorService] Simulator sent packet: 256 samples, total=128256
2026-02-10 23:35:31.983 [DBG] [EegAcquisition.Services.Simulator.EegSimulatorService] Simulator sent packet: 256 samples, total=128512
2026-02-10 23:35:32.983 [DBG] [EegAcquisition.Services.Simulator.EegSimulatorService] Simulator sent packet: 256 samples, total=128768
2026-02-10 23:35:33.992 [DBG] [EegAcquisition.Services.Simulator.EegSimulatorService] Simulator sent packet: 256 samples, total=129024
2026-02-10 23:35:34.982 [DBG] [EegAcquisition.Services.Simulator.EegSimulatorService] Simulator sent packet: 256 samples, total=129280
2026-02-10 23:35:35.986 [DBG] [EegAcquisition.Services.Simulator.EegSimulatorService] Simulator sent packet: 256 samples, total=129536
2026-02-10 23:35:36.974 [DBG] [EegAcquisition.Services.Simulator.EegSimulatorService] Simulator sent packet: 256 samples, total=129792
2026-02-10 23:35:37.987 [DBG] [EegAcquisition.Services.Simulator.EegSimulatorService] Simulator sent packet: 256 samples, total=130048
2026-02-10 23:35:38.999 [DBG] [EegAcquisition.Services.Simulator.EegSimulatorService] Simulator sent packet: 256 samples, total=130304
2026-02-10 23:35:39.974 [DBG] [EegAcquisition.Services.Simulator.EegSimulatorService] Simulator sent packet: 256 samples, total=130560
2026-02-10 23:35:40.973 [DBG] [EegAcquisition.Services.Simulator.EegSimulatorService] Simulator sent packet: 256 samples, total=130816
2026-02-10 23:35:41.980 [DBG] [EegAcquisition.Services.Simulator.EegSimulatorService] Simulator sent packet: 256 samples, total=131072
2026-02-10 23:35:42.987 [DBG] [EegAcquisition.Services.Simulator.EegSimulatorService] Simulator sent packet: 256 samples, total=131328
2026-02-10 23:35:43.975 [DBG] [EegAcquisition.Services.Simulator.EegSimulatorService] Simulator sent packet: 256 samples, total=131584
2026-02-10 23:35:44.975 [DBG] [EegAcquisition.Services.Simulator.EegSimulatorService] Simulator sent packet: 256 samples, total=131840
2026-02-10 23:35:45.977 [DBG] [EegAcquisition.Services.Simulator.EegSimulatorService] Simulator sent packet: 256 samples, total=132096
2026-02-10 23:35:46.977 [DBG] [EegAcquisition.Services.Simulator.EegSimulatorService] Simulator sent packet: 256 samples, total=132352
2026-02-10 23:35:47.977 [DBG] [EegAcquisition.Services.Simulator.EegSimulatorService] Simulator sent packet: 256 samples, total=132608
2026-02-10 23:35:48.973 [DBG] [EegAcquisition.Services.Simulator.EegSimulatorService] Simulator sent packet: 256 samples, total=132864
2026-02-10 23:35:49.981 [DBG] [EegAcquisition.Services.Simulator.EegSimulatorService] Simulator sent packet: 256 samples, total=133120
2026-02-10 23:35:50.973 [DBG] [EegAcquisition.Services.Simulator.EegSimulatorService] Simulator sent packet: 256 samples, total=133376
2026-02-10 23:35:51.980 [DBG] [EegAcquisition.Services.Simulator.EegSimulatorService] Simulator sent packet: 256 samples, total=133632
2026-02-10 23:35:52.977 [DBG] [EegAcquisition.Services.Simulator.EegSimulatorService] Simulator sent packet: 256 samples, total=133888
2026-02-10 23:35:53.978 [DBG] [EegAcquisition.Services.Simulator.EegSimulatorService] Simulator sent packet: 256 samples, total=134144
2026-02-10 23:35:54.976 [DBG] [EegAcquisition.Services.Simulator.EegSimulatorService] Simulator sent packet: 256 samples, total=134400
2026-02-10 23:35:55.982 [DBG] [EegAcquisition.Services.Simulator.EegSimulatorService] Simulator sent packet: 256 samples, total=134656
2026-02-10 23:35:56.978 [DBG] [EegAcquisition.Services.Simulator.EegSimulatorService] Simulator sent packet: 256 samples, total=134912
2026-02-10 23:35:57.980 [DBG] [EegAcquisition.Services.Simulator.EegSimulatorService] Simulator sent packet: 256 samples, total=135168
2026-02-10 23:35:58.979 [DBG] [EegAcquisition.Services.Simulator.EegSimulatorService] Simulator sent packet: 256 samples, total=135424
2026-02-10 23:35:59.988 [DBG] [EegAcquisition.Services.Simulator.EegSimulatorService] Simulator sent packet: 256 samples, total=135680
2026-02-10 23:36:00.978 [DBG] [EegAcquisition.Services.Simulator.EegSimulatorService] Simulator sent packet: 256 samples, total=135936
2026-02-10 23:36:01.979 [DBG] [EegAcquisition.Services.Simulator.EegSimulatorService] Simulator sent packet: 256 samples, total=136192
2026-02-10 23:36:02.983 [DBG] [EegAcquisition.Services.Simulator.EegSimulatorService] Simulator sent packet: 256 samples, total=136448
2026-02-10 23:36:03.978 [DBG] [EegAcquisition.Services.Simulator.EegSimulatorService] Simulator sent packet: 256 samples, total=136704
2026-02-10 23:36:04.987 [DBG] [EegAcquisition.Services.Simulator.EegSimulatorService] Simulator sent packet: 256 samples, total=136960
2026-02-10 23:36:05.983 [DBG] [EegAcquisition.Services.Simulator.EegSimulatorService] Simulator sent packet: 256 samples, total=137216
2026-02-10 23:36:06.981 [DBG] [EegAcquisition.Services.Simulator.EegSimulatorService] Simulator sent packet: 256 samples, total=137472
2026-02-10 23:36:07.980 [DBG] [EegAcquisition.Services.Simulator.EegSimulatorService] Simulator sent packet: 256 samples, total=137728
2026-02-10 23:36:08.973 [DBG] [EegAcquisition.Services.Simulator.EegSimulatorService] Simulator sent packet: 256 samples, total=137984
2026-02-10 23:36:09.982 [DBG] [EegAcquisition.Services.Simulator.EegSimulatorService] Simulator sent packet: 256 samples, total=138240
2026-02-10 23:36:10.983 [DBG] [EegAcquisition.Services.Simulator.EegSimulatorService] Simulator sent packet: 256 samples, total=138496
2026-02-10 23:36:11.983 [DBG] [EegAcquisition.Services.Simulator.EegSimulatorService] Simulator sent packet: 256 samples, total=138752
2026-02-10 23:36:12.985 [DBG] [EegAcquisition.Services.Simulator.EegSimulatorService] Simulator sent packet: 256 samples, total=139008
2026-02-10 23:36:13.981 [DBG] [EegAcquisition.Services.Simulator.EegSimulatorService] Simulator sent packet: 256 samples, total=139264
2026-02-10 23:36:14.983 [DBG] [EegAcquisition.Services.Simulator.EegSimulatorService] Simulator sent packet: 256 samples, total=139520
2026-02-10 23:36:15.981 [DBG] [EegAcquisition.Services.Simulator.EegSimulatorService] Simulator sent packet: 256 samples, total=139776
2026-02-10 23:36:16.982 [DBG] [EegAcquisition.Services.Simulator.EegSimulatorService] Simulator sent packet: 256 samples, total=140032
2026-02-10 23:36:17.986 [DBG] [EegAcquisition.Services.Simulator.EegSimulatorService] Simulator sent packet: 256 samples, total=140288
2026-02-10 23:36:18.983 [DBG] [EegAcquisition.Services.Simulator.EegSimulatorService] Simulator sent packet: 256 samples, total=140544
2026-02-10 23:36:19.980 [DBG] [EegAcquisition.Services.Simulator.EegSimulatorService] Simulator sent packet: 256 samples, total=140800
2026-02-10 23:36:20.980 [DBG] [EegAcquisition.Services.Simulator.EegSimulatorService] Simulator sent packet: 256 samples, total=141056
2026-02-10 23:36:21.976 [DBG] [EegAcquisition.Services.Simulator.EegSimulatorService] Simulator sent packet: 256 samples, total=141312
2026-02-10 23:36:22.988 [DBG] [EegAcquisition.Services.Simulator.EegSimulatorService] Simulator sent packet: 256 samples, total=141568
2026-02-10 23:36:23.979 [DBG] [EegAcquisition.Services.Simulator.EegSimulatorService] Simulator sent packet: 256 samples, total=141824
2026-02-10 23:36:24.984 [DBG] [EegAcquisition.Services.Simulator.EegSimulatorService] Simulator sent packet: 256 samples, total=142080
2026-02-10 23:36:25.984 [DBG] [EegAcquisition.Services.Simulator.EegSimulatorService] Simulator sent packet: 256 samples, total=142336
2026-02-10 23:36:26.984 [DBG] [EegAcquisition.Services.Simulator.EegSimulatorService] Simulator sent packet: 256 samples, total=142592
2026-02-10 23:36:28.002 [DBG] [EegAcquisition.Services.Simulator.EegSimulatorService] Simulator sent packet: 256 samples, total=142848
2026-02-10 23:36:28.987 [DBG] [EegAcquisition.Services.Simulator.EegSimulatorService] Simulator sent packet: 256 samples, total=143104
2026-02-10 23:36:29.981 [DBG] [EegAcquisition.Services.Simulator.EegSimulatorService] Simulator sent packet: 256 samples, total=143360
2026-02-10 23:36:30.984 [DBG] [EegAcquisition.Services.Simulator.EegSimulatorService] Simulator sent packet: 256 samples, total=143616
2026-02-10 23:36:31.986 [DBG] [EegAcquisition.Services.Simulator.EegSimulatorService] Simulator sent packet: 256 samples, total=143872
2026-02-10 23:36:32.984 [DBG] [EegAcquisition.Services.Simulator.EegSimulatorService] Simulator sent packet: 256 samples, total=144128
2026-02-10 23:36:33.973 [DBG] [EegAcquisition.Services.Simulator.EegSimulatorService] Simulator sent packet: 256 samples, total=144384
2026-02-10 23:36:34.985 [DBG] [EegAcquisition.Services.Simulator.EegSimulatorService] Simulator sent packet: 256 samples, total=144640
2026-02-10 23:36:35.979 [DBG] [EegAcquisition.Services.Simulator.EegSimulatorService] Simulator sent packet: 256 samples, total=144896
2026-02-10 23:36:36.973 [DBG] [EegAcquisition.Services.Simulator.EegSimulatorService] Simulator sent packet: 256 samples, total=145152
2026-02-10 23:36:37.973 [DBG] [EegAcquisition.Services.Simulator.EegSimulatorService] Simulator sent packet: 256 samples, total=145408
2026-02-10 23:36:38.973 [DBG] [EegAcquisition.Services.Simulator.EegSimulatorService] Simulator sent packet: 256 samples, total=145664
2026-02-10 23:36:39.990 [DBG] [EegAcquisition.Services.Simulator.EegSimulatorService] Simulator sent packet: 256 samples, total=145920
2026-02-10 23:36:40.986 [DBG] [EegAcquisition.Services.Simulator.EegSimulatorService] Simulator sent packet: 256 samples, total=146176
2026-02-10 23:36:41.985 [DBG] [EegAcquisition.Services.Simulator.EegSimulatorService] Simulator sent packet: 256 samples, total=146432
2026-02-10 23:36:42.973 [DBG] [EegAcquisition.Services.Simulator.EegSimulatorService] Simulator sent packet: 256 samples, total=146688
2026-02-10 23:36:43.973 [DBG] [EegAcquisition.Services.Simulator.EegSimulatorService] Simulator sent packet: 256 samples, total=146944
2026-02-10 23:36:44.979 [DBG] [EegAcquisition.Services.Simulator.EegSimulatorService] Simulator sent packet: 256 samples, total=147200
2026-02-10 23:36:45.976 [DBG] [EegAcquisition.Services.Simulator.EegSimulatorService] Simulator sent packet: 256 samples, total=147456
2026-02-10 23:36:46.988 [DBG] [EegAcquisition.Services.Simulator.EegSimulatorService] Simulator sent packet: 256 samples, total=147712
2026-02-10 23:36:47.972 [DBG] [EegAcquisition.Services.Simulator.EegSimulatorService] Simulator sent packet: 256 samples, total=147968
2026-02-10 23:36:48.976 [DBG] [EegAcquisition.Services.Simulator.EegSimulatorService] Simulator sent packet: 256 samples, total=148224
2026-02-10 23:36:49.972 [DBG] [EegAcquisition.Services.Simulator.EegSimulatorService] Simulator sent packet: 256 samples, total=148480
2026-02-10 23:36:50.974 [DBG] [EegAcquisition.Services.Simulator.EegSimulatorService] Simulator sent packet: 256 samples, total=148736
2026-02-10 23:36:51.976 [DBG] [EegAcquisition.Services.Simulator.EegSimulatorService] Simulator sent packet: 256 samples, total=148992
2026-02-10 23:36:52.976 [DBG] [EegAcquisition.Services.Simulator.EegSimulatorService] Simulator sent packet: 256 samples, total=149248
2026-02-10 23:36:53.983 [DBG] [EegAcquisition.Services.Simulator.EegSimulatorService] Simulator sent packet: 256 samples, total=149504
2026-02-10 23:36:54.980 [DBG] [EegAcquisition.Services.Simulator.EegSimulatorService] Simulator sent packet: 256 samples, total=149760
2026-02-10 23:36:55.972 [DBG] [EegAcquisition.Services.Simulator.EegSimulatorService] Simulator sent packet: 256 samples, total=150016
2026-02-10 23:36:56.979 [DBG] [EegAcquisition.Services.Simulator.EegSimulatorService] Simulator sent packet: 256 samples, total=150272
2026-02-10 23:36:57.985 [DBG] [EegAcquisition.Services.Simulator.EegSimulatorService] Simulator sent packet: 256 samples, total=150528
2026-02-10 23:36:58.975 [DBG] [EegAcquisition.Services.Simulator.EegSimulatorService] Simulator sent packet: 256 samples, total=150784
2026-02-10 23:36:59.987 [DBG] [EegAcquisition.Services.Simulator.EegSimulatorService] Simulator sent packet: 256 samples, total=151040
2026-02-10 23:37:00.992 [DBG] [EegAcquisition.Services.Simulator.EegSimulatorService] Simulator sent packet: 256 samples, total=151296
2026-02-10 23:37:01.975 [DBG] [EegAcquisition.Services.Simulator.EegSimulatorService] Simulator sent packet: 256 samples, total=151552
2026-02-10 23:37:02.982 [DBG] [EegAcquisition.Services.Simulator.EegSimulatorService] Simulator sent packet: 256 samples, total=151808
2026-02-10 23:37:03.978 [DBG] [EegAcquisition.Services.Simulator.EegSimulatorService] Simulator sent packet: 256 samples, total=152064
2026-02-10 23:37:04.987 [DBG] [EegAcquisition.Services.Simulator.EegSimulatorService] Simulator sent packet: 256 samples, total=152320
2026-02-10 23:37:05.983 [DBG] [EegAcquisition.Services.Simulator.EegSimulatorService] Simulator sent packet: 256 samples, total=152576
2026-02-10 23:37:06.977 [DBG] [EegAcquisition.Services.Simulator.EegSimulatorService] Simulator sent packet: 256 samples, total=152832
2026-02-10 23:37:07.978 [DBG] [EegAcquisition.Services.Simulator.EegSimulatorService] Simulator sent packet: 256 samples, total=153088
2026-02-10 23:37:08.980 [DBG] [EegAcquisition.Services.Simulator.EegSimulatorService] Simulator sent packet: 256 samples, total=153344
2026-02-10 23:37:09.981 [DBG] [EegAcquisition.Services.Simulator.EegSimulatorService] Simulator sent packet: 256 samples, total=153600
2026-02-10 23:37:10.981 [DBG] [EegAcquisition.Services.Simulator.EegSimulatorService] Simulator sent packet: 256 samples, total=153856
2026-02-10 23:37:11.982 [DBG] [EegAcquisition.Services.Simulator.EegSimulatorService] Simulator sent packet: 256 samples, total=154112
2026-02-10 23:37:12.979 [DBG] [EegAcquisition.Services.Simulator.EegSimulatorService] Simulator sent packet: 256 samples, total=154368
2026-02-10 23:37:13.980 [DBG] [EegAcquisition.Services.Simulator.EegSimulatorService] Simulator sent packet: 256 samples, total=154624
2026-02-10 23:37:14.980 [DBG] [EegAcquisition.Services.Simulator.EegSimulatorService] Simulator sent packet: 256 samples, total=154880
2026-02-10 23:37:15.980 [DBG] [EegAcquisition.Services.Simulator.EegSimulatorService] Simulator sent packet: 256 samples, total=155136
2026-02-10 23:37:16.977 [DBG] [EegAcquisition.Services.Simulator.EegSimulatorService] Simulator sent packet: 256 samples, total=155392
2026-02-10 23:37:17.981 [DBG] [EegAcquisition.Services.Simulator.EegSimulatorService] Simulator sent packet: 256 samples, total=155648
2026-02-10 23:37:18.982 [DBG] [EegAcquisition.Services.Simulator.EegSimulatorService] Simulator sent packet: 256 samples, total=155904
2026-02-10 23:37:19.983 [DBG] [EegAcquisition.Services.Simulator.EegSimulatorService] Simulator sent packet: 256 samples, total=156160
2026-02-10 23:37:20.986 [DBG] [EegAcquisition.Services.Simulator.EegSimulatorService] Simulator sent packet: 256 samples, total=156416
2026-02-10 23:37:21.988 [DBG] [EegAcquisition.Services.Simulator.EegSimulatorService] Simulator sent packet: 256 samples, total=156672
2026-02-10 23:37:22.985 [DBG] [EegAcquisition.Services.Simulator.EegSimulatorService] Simulator sent packet: 256 samples, total=156928
2026-02-10 23:37:23.986 [DBG] [EegAcquisition.Services.Simulator.EegSimulatorService] Simulator sent packet: 256 samples, total=157184
2026-02-10 23:37:24.985 [DBG] [EegAcquisition.Services.Simulator.EegSimulatorService] Simulator sent packet: 256 samples, total=157440
2026-02-10 23:37:25.985 [DBG] [EegAcquisition.Services.Simulator.EegSimulatorService] Simulator sent packet: 256 samples, total=157696
2026-02-10 23:37:26.975 [DBG] [EegAcquisition.Services.Simulator.EegSimulatorService] Simulator sent packet: 256 samples, total=157952
2026-02-10 23:37:27.976 [DBG] [EegAcquisition.Services.Simulator.EegSimulatorService] Simulator sent packet: 256 samples, total=158208
2026-02-10 23:37:28.972 [DBG] [EegAcquisition.Services.Simulator.EegSimulatorService] Simulator sent packet: 256 samples, total=158464
2026-02-10 23:37:29.986 [DBG] [EegAcquisition.Services.Simulator.EegSimulatorService] Simulator sent packet: 256 samples, total=158720
2026-02-10 23:37:30.973 [DBG] [EegAcquisition.Services.Simulator.EegSimulatorService] Simulator sent packet: 256 samples, total=158976
2026-02-10 23:37:31.975 [DBG] [EegAcquisition.Services.Simulator.EegSimulatorService] Simulator sent packet: 256 samples, total=159232
2026-02-10 23:37:32.974 [DBG] [EegAcquisition.Services.Simulator.EegSimulatorService] Simulator sent packet: 256 samples, total=159488
2026-02-10 23:37:33.987 [DBG] [EegAcquisition.Services.Simulator.EegSimulatorService] Simulator sent packet: 256 samples, total=159744
2026-02-10 23:37:34.978 [DBG] [EegAcquisition.Services.Simulator.EegSimulatorService] Simulator sent packet: 256 samples, total=160000
2026-02-10 23:37:35.972 [DBG] [EegAcquisition.Services.Simulator.EegSimulatorService] Simulator sent packet: 256 samples, total=160256
2026-02-10 23:37:36.988 [DBG] [EegAcquisition.Services.Simulator.EegSimulatorService] Simulator sent packet: 256 samples, total=160512
2026-02-10 23:37:37.977 [DBG] [EegAcquisition.Services.Simulator.EegSimulatorService] Simulator sent packet: 256 samples, total=160768
2026-02-10 23:37:38.982 [DBG] [EegAcquisition.Services.Simulator.EegSimulatorService] Simulator sent packet: 256 samples, total=161024
2026-02-10 23:37:39.973 [DBG] [EegAcquisition.Services.Simulator.EegSimulatorService] Simulator sent packet: 256 samples, total=161280
2026-02-10 23:37:40.985 [DBG] [EegAcquisition.Services.Simulator.EegSimulatorService] Simulator sent packet: 256 samples, total=161536
2026-02-10 23:37:41.979 [DBG] [EegAcquisition.Services.Simulator.EegSimulatorService] Simulator sent packet: 256 samples, total=161792
2026-02-10 23:37:42.974 [DBG] [EegAcquisition.Services.Simulator.EegSimulatorService] Simulator sent packet: 256 samples, total=162048
2026-02-10 23:37:43.976 [DBG] [EegAcquisition.Services.Simulator.EegSimulatorService] Simulator sent packet: 256 samples, total=162304
2026-02-10 23:37:44.976 [DBG] [EegAcquisition.Services.Simulator.EegSimulatorService] Simulator sent packet: 256 samples, total=162560
2026-02-10 23:37:45.975 [DBG] [EegAcquisition.Services.Simulator.EegSimulatorService] Simulator sent packet: 256 samples, total=162816
2026-02-10 23:37:46.975 [DBG] [EegAcquisition.Services.Simulator.EegSimulatorService] Simulator sent packet: 256 samples, total=163072
2026-02-10 23:37:47.977 [DBG] [EegAcquisition.Services.Simulator.EegSimulatorService] Simulator sent packet: 256 samples, total=163328
2026-02-10 23:37:48.976 [DBG] [EegAcquisition.Services.Simulator.EegSimulatorService] Simulator sent packet: 256 samples, total=163584
2026-02-10 23:37:49.977 [DBG] [EegAcquisition.Services.Simulator.EegSimulatorService] Simulator sent packet: 256 samples, total=163840
2026-02-10 23:37:50.977 [DBG] [EegAcquisition.Services.Simulator.EegSimulatorService] Simulator sent packet: 256 samples, total=164096
2026-02-10 23:37:51.991 [DBG] [EegAcquisition.Services.Simulator.EegSimulatorService] Simulator sent packet: 256 samples, total=164352
2026-02-10 23:37:52.977 [DBG] [EegAcquisition.Services.Simulator.EegSimulatorService] Simulator sent packet: 256 samples, total=164608
2026-02-10 23:37:53.974 [DBG] [EegAcquisition.Services.Simulator.EegSimulatorService] Simulator sent packet: 256 samples, total=164864
2026-02-10 23:37:54.979 [DBG] [EegAcquisition.Services.Simulator.EegSimulatorService] Simulator sent packet: 256 samples, total=165120
2026-02-10 23:37:55.976 [DBG] [EegAcquisition.Services.Simulator.EegSimulatorService] Simulator sent packet: 256 samples, total=165376
2026-02-10 23:37:56.978 [DBG] [EegAcquisition.Services.Simulator.EegSimulatorService] Simulator sent packet: 256 samples, total=165632
2026-02-10 23:37:57.987 [DBG] [EegAcquisition.Services.Simulator.EegSimulatorService] Simulator sent packet: 256 samples, total=165888
2026-02-10 23:37:58.978 [DBG] [EegAcquisition.Services.Simulator.EegSimulatorService] Simulator sent packet: 256 samples, total=166144
2026-02-10 23:37:59.975 [DBG] [EegAcquisition.Services.Simulator.EegSimulatorService] Simulator sent packet: 256 samples, total=166400
2026-02-10 23:38:00.987 [DBG] [EegAcquisition.Services.Simulator.EegSimulatorService] Simulator sent packet: 256 samples, total=166656
2026-02-10 23:38:01.992 [DBG] [EegAcquisition.Services.Simulator.EegSimulatorService] Simulator sent packet: 256 samples, total=166912
2026-02-10 23:38:02.980 [DBG] [EegAcquisition.Services.Simulator.EegSimulatorService] Simulator sent packet: 256 samples, total=167168
2026-02-10 23:38:03.980 [DBG] [EegAcquisition.Services.Simulator.EegSimulatorService] Simulator sent packet: 256 samples, total=167424
2026-02-10 23:38:04.977 [DBG] [EegAcquisition.Services.Simulator.EegSimulatorService] Simulator sent packet: 256 samples, total=167680
2026-02-10 23:38:05.982 [DBG] [EegAcquisition.Services.Simulator.EegSimulatorService] Simulator sent packet: 256 samples, total=167936
2026-02-10 23:38:06.979 [DBG] [EegAcquisition.Services.Simulator.EegSimulatorService] Simulator sent packet: 256 samples, total=168192
2026-02-10 23:38:07.974 [DBG] [EegAcquisition.Services.Simulator.EegSimulatorService] Simulator sent packet: 256 samples, total=168448
2026-02-10 23:38:08.979 [DBG] [EegAcquisition.Services.Simulator.EegSimulatorService] Simulator sent packet: 256 samples, total=168704
2026-02-10 23:38:09.976 [DBG] [EegAcquisition.Services.Simulator.EegSimulatorService] Simulator sent packet: 256 samples, total=168960
2026-02-10 23:38:10.983 [DBG] [EegAcquisition.Services.Simulator.EegSimulatorService] Simulator sent packet: 256 samples, total=169216
2026-02-10 23:38:11.984 [DBG] [EegAcquisition.Services.Simulator.EegSimulatorService] Simulator sent packet: 256 samples, total=169472
2026-02-10 23:38:12.980 [DBG] [EegAcquisition.Services.Simulator.EegSimulatorService] Simulator sent packet: 256 samples, total=169728
2026-02-10 23:38:13.981 [DBG] [EegAcquisition.Services.Simulator.EegSimulatorService] Simulator sent packet: 256 samples, total=169984
2026-02-10 23:38:14.982 [DBG] [EegAcquisition.Services.Simulator.EegSimulatorService] Simulator sent packet: 256 samples, total=170240
2026-02-10 23:38:15.983 [DBG] [EegAcquisition.Services.Simulator.EegSimulatorService] Simulator sent packet: 256 samples, total=170496
2026-02-10 23:38:16.977 [DBG] [EegAcquisition.Services.Simulator.EegSimulatorService] Simulator sent packet: 256 samples, total=170752
2026-02-10 23:38:17.981 [DBG] [EegAcquisition.Services.Simulator.EegSimulatorService] Simulator sent packet: 256 samples, total=171008
2026-02-10 23:38:18.981 [DBG] [EegAcquisition.Services.Simulator.EegSimulatorService] Simulator sent packet: 256 samples, total=171264
2026-02-10 23:38:19.982 [DBG] [EegAcquisition.Services.Simulator.EegSimulatorService] Simulator sent packet: 256 samples, total=171520
2026-02-10 23:38:20.984 [DBG] [EegAcquisition.Services.Simulator.EegSimulatorService] Simulator sent packet: 256 samples, total=171776
2026-02-10 23:38:21.984 [DBG] [EegAcquisition.Services.Simulator.EegSimulatorService] Simulator sent packet: 256 samples, total=172032
2026-02-10 23:38:22.980 [DBG] [EegAcquisition.Services.Simulator.EegSimulatorService] Simulator sent packet: 256 samples, total=172288
2026-02-10 23:38:23.983 [DBG] [EegAcquisition.Services.Simulator.EegSimulatorService] Simulator sent packet: 256 samples, total=172544
2026-02-10 23:38:24.986 [DBG] [EegAcquisition.Services.Simulator.EegSimulatorService] Simulator sent packet: 256 samples, total=172800
2026-02-10 23:38:25.981 [DBG] [EegAcquisition.Services.Simulator.EegSimulatorService] Simulator sent packet: 256 samples, total=173056
2026-02-10 23:38:26.985 [DBG] [EegAcquisition.Services.Simulator.EegSimulatorService] Simulator sent packet: 256 samples, total=173312
2026-02-10 23:38:27.984 [DBG] [EegAcquisition.Services.Simulator.EegSimulatorService] Simulator sent packet: 256 samples, total=173568
2026-02-10 23:38:28.985 [DBG] [EegAcquisition.Services.Simulator.EegSimulatorService] Simulator sent packet: 256 samples, total=173824
2026-02-10 23:38:29.984 [DBG] [EegAcquisition.Services.Simulator.EegSimulatorService] Simulator sent packet: 256 samples, total=174080
2026-02-10 23:38:30.987 [DBG] [EegAcquisition.Services.Simulator.EegSimulatorService] Simulator sent packet: 256 samples, total=174336
2026-02-10 23:38:31.991 [DBG] [EegAcquisition.Services.Simulator.EegSimulatorService] Simulator sent packet: 256 samples, total=174592
2026-02-10 23:38:32.987 [DBG] [EegAcquisition.Services.Simulator.EegSimulatorService] Simulator sent packet: 256 samples, total=174848
2026-02-10 23:38:33.982 [DBG] [EegAcquisition.Services.Simulator.EegSimulatorService] Simulator sent packet: 256 samples, total=175104
2026-02-10 23:38:35.001 [DBG] [EegAcquisition.Services.Simulator.EegSimulatorService] Simulator sent packet: 256 samples, total=175360
2026-02-10 23:38:35.987 [DBG] [EegAcquisition.Services.Simulator.EegSimulatorService] Simulator sent packet: 256 samples, total=175616
2026-02-10 23:38:36.985 [DBG] [EegAcquisition.Services.Simulator.EegSimulatorService] Simulator sent packet: 256 samples, total=175872
2026-02-10 23:38:37.973 [DBG] [EegAcquisition.Services.Simulator.EegSimulatorService] Simulator sent packet: 256 samples, total=176128
2026-02-10 23:38:38.973 [DBG] [EegAcquisition.Services.Simulator.EegSimulatorService] Simulator sent packet: 256 samples, total=176384
2026-02-10 23:38:39.974 [DBG] [EegAcquisition.Services.Simulator.EegSimulatorService] Simulator sent packet: 256 samples, total=176640
2026-02-10 23:38:40.988 [DBG] [EegAcquisition.Services.Simulator.EegSimulatorService] Simulator sent packet: 256 samples, total=176896
2026-02-10 23:38:41.985 [DBG] [EegAcquisition.Services.Simulator.EegSimulatorService] Simulator sent packet: 256 samples, total=177152
2026-02-10 23:38:42.993 [DBG] [EegAcquisition.Services.Simulator.EegSimulatorService] Simulator sent packet: 256 samples, total=177408
2026-02-10 23:38:43.974 [DBG] [EegAcquisition.Services.Simulator.EegSimulatorService] Simulator sent packet: 256 samples, total=177664
2026-02-10 23:38:44.980 [DBG] [EegAcquisition.Services.Simulator.EegSimulatorService] Simulator sent packet: 256 samples, total=177920
2026-02-10 23:38:45.973 [DBG] [EegAcquisition.Services.Simulator.EegSimulatorService] Simulator sent packet: 256 samples, total=178176
2026-02-10 23:38:46.985 [DBG] [EegAcquisition.Services.Simulator.EegSimulatorService] Simulator sent packet: 256 samples, total=178432
2026-02-10 23:38:47.987 [DBG] [EegAcquisition.Services.Simulator.EegSimulatorService] Simulator sent packet: 256 samples, total=178688
2026-02-10 23:38:48.973 [DBG] [EegAcquisition.Services.Simulator.EegSimulatorService] Simulator sent packet: 256 samples, total=178944
2026-02-10 23:38:49.973 [DBG] [EegAcquisition.Services.Simulator.EegSimulatorService] Simulator sent packet: 256 samples, total=179200
2026-02-10 23:38:50.973 [DBG] [EegAcquisition.Services.Simulator.EegSimulatorService] Simulator sent packet: 256 samples, total=179456
2026-02-10 23:38:51.975 [DBG] [EegAcquisition.Services.Simulator.EegSimulatorService] Simulator sent packet: 256 samples, total=179712
2026-02-10 23:38:52.977 [DBG] [EegAcquisition.Services.Simulator.EegSimulatorService] Simulator sent packet: 256 samples, total=179968
2026-02-10 23:38:53.979 [DBG] [EegAcquisition.Services.Simulator.EegSimulatorService] Simulator sent packet: 256 samples, total=180224
2026-02-10 23:38:54.976 [DBG] [EegAcquisition.Services.Simulator.EegSimulatorService] Simulator sent packet: 256 samples, total=180480
2026-02-10 23:38:55.974 [DBG] [EegAcquisition.Services.Simulator.EegSimulatorService] Simulator sent packet: 256 samples, total=180736
2026-02-10 23:38:56.975 [DBG] [EegAcquisition.Services.Simulator.EegSimulatorService] Simulator sent packet: 256 samples, total=180992
2026-02-10 23:38:57.977 [DBG] [EegAcquisition.Services.Simulator.EegSimulatorService] Simulator sent packet: 256 samples, total=181248
2026-02-10 23:38:58.979 [DBG] [EegAcquisition.Services.Simulator.EegSimulatorService] Simulator sent packet: 256 samples, total=181504
2026-02-10 23:38:59.979 [DBG] [EegAcquisition.Services.Simulator.EegSimulatorService] Simulator sent packet: 256 samples, total=181760
2026-02-10 23:39:00.976 [DBG] [EegAcquisition.Services.Simulator.EegSimulatorService] Simulator sent packet: 256 samples, total=182016
2026-02-10 23:39:01.978 [DBG] [EegAcquisition.Services.Simulator.EegSimulatorService] Simulator sent packet: 256 samples, total=182272
2026-02-10 23:39:02.983 [DBG] [EegAcquisition.Services.Simulator.EegSimulatorService] Simulator sent packet: 256 samples, total=182528
2026-02-10 23:39:03.979 [DBG] [EegAcquisition.Services.Simulator.EegSimulatorService] Simulator sent packet: 256 samples, total=182784
2026-02-10 23:39:04.981 [DBG] [EegAcquisition.Services.Simulator.EegSimulatorService] Simulator sent packet: 256 samples, total=183040
2026-02-10 23:39:05.980 [DBG] [EegAcquisition.Services.Simulator.EegSimulatorService] Simulator sent packet: 256 samples, total=183296
2026-02-10 23:39:06.980 [DBG] [EegAcquisition.Services.Simulator.EegSimulatorService] Simulator sent packet: 256 samples, total=183552
2026-02-10 23:39:07.979 [DBG] [EegAcquisition.Services.Simulator.EegSimulatorService] Simulator sent packet: 256 samples, total=183808
2026-02-10 23:39:08.985 [DBG] [EegAcquisition.Services.Simulator.EegSimulatorService] Simulator sent packet: 256 samples, total=184064
2026-02-10 23:39:09.980 [DBG] [EegAcquisition.Services.Simulator.EegSimulatorService] Simulator sent packet: 256 samples, total=184320
2026-02-10 23:39:10.982 [DBG] [EegAcquisition.Services.Simulator.EegSimulatorService] Simulator sent packet: 256 samples, total=184576
2026-02-10 23:39:12.000 [DBG] [EegAcquisition.Services.Simulator.EegSimulatorService] Simulator sent packet: 256 samples, total=184832
2026-02-10 23:39:12.983 [DBG] [EegAcquisition.Services.Simulator.EegSimulatorService] Simulator sent packet: 256 samples, total=185088
2026-02-10 23:39:13.985 [DBG] [EegAcquisition.Services.Simulator.EegSimulatorService] Simulator sent packet: 256 samples, total=185344
2026-02-10 23:39:14.984 [DBG] [EegAcquisition.Services.Simulator.EegSimulatorService] Simulator sent packet: 256 samples, total=185600
2026-02-10 23:39:15.989 [DBG] [EegAcquisition.Services.Simulator.EegSimulatorService] Simulator sent packet: 256 samples, total=185856
2026-02-10 23:39:16.985 [DBG] [EegAcquisition.Services.Simulator.EegSimulatorService] Simulator sent packet: 256 samples, total=186112
2026-02-10 23:39:17.985 [DBG] [EegAcquisition.Services.Simulator.EegSimulatorService] Simulator sent packet: 256 samples, total=186368
2026-02-10 23:39:18.985 [DBG] [EegAcquisition.Services.Simulator.EegSimulatorService] Simulator sent packet: 256 samples, total=186624
2026-02-10 23:39:19.987 [DBG] [EegAcquisition.Services.Simulator.EegSimulatorService] Simulator sent packet: 256 samples, total=186880
2026-02-10 23:39:20.992 [DBG] [EegAcquisition.Services.Simulator.EegSimulatorService] Simulator sent packet: 256 samples, total=187136
2026-02-10 23:39:21.987 [DBG] [EegAcquisition.Services.Simulator.EegSimulatorService] Simulator sent packet: 256 samples, total=187392
2026-02-10 23:39:22.987 [DBG] [EegAcquisition.Services.Simulator.EegSimulatorService] Simulator sent packet: 256 samples, total=187648
2026-02-10 23:39:23.987 [DBG] [EegAcquisition.Services.Simulator.EegSimulatorService] Simulator sent packet: 256 samples, total=187904
2026-02-10 23:39:24.986 [DBG] [EegAcquisition.Services.Simulator.EegSimulatorService] Simulator sent packet: 256 samples, total=188160
2026-02-10 23:39:25.972 [DBG] [EegAcquisition.Services.Simulator.EegSimulatorService] Simulator sent packet: 256 samples, total=188416
2026-02-10 23:39:26.974 [DBG] [EegAcquisition.Services.Simulator.EegSimulatorService] Simulator sent packet: 256 samples, total=188672
2026-02-10 23:39:27.976 [DBG] [EegAcquisition.Services.Simulator.EegSimulatorService] Simulator sent packet: 256 samples, total=188928
2026-02-10 23:39:28.972 [DBG] [EegAcquisition.Services.Simulator.EegSimulatorService] Simulator sent packet: 256 samples, total=189184
2026-02-10 23:39:29.974 [DBG] [EegAcquisition.Services.Simulator.EegSimulatorService] Simulator sent packet: 256 samples, total=189440
2026-02-10 23:39:30.975 [DBG] [EegAcquisition.Services.Simulator.EegSimulatorService] Simulator sent packet: 256 samples, total=189696
2026-02-10 23:39:31.975 [DBG] [EegAcquisition.Services.Simulator.EegSimulatorService] Simulator sent packet: 256 samples, total=189952
2026-02-10 23:39:32.974 [DBG] [EegAcquisition.Services.Simulator.EegSimulatorService] Simulator sent packet: 256 samples, total=190208
2026-02-10 23:39:33.977 [DBG] [EegAcquisition.Services.Simulator.EegSimulatorService] Simulator sent packet: 256 samples, total=190464
2026-02-10 23:39:34.974 [DBG] [EegAcquisition.Services.Simulator.EegSimulatorService] Simulator sent packet: 256 samples, total=190720
2026-02-10 23:39:35.987 [DBG] [EegAcquisition.Services.Simulator.EegSimulatorService] Simulator sent packet: 256 samples, total=190976
2026-02-10 23:39:36.986 [DBG] [EegAcquisition.Services.Simulator.EegSimulatorService] Simulator sent packet: 256 samples, total=191232
2026-02-10 23:39:37.985 [DBG] [EegAcquisition.Services.Simulator.EegSimulatorService] Simulator sent packet: 256 samples, total=191488
2026-02-10 23:39:38.984 [DBG] [EegAcquisition.Services.Simulator.EegSimulatorService] Simulator sent packet: 256 samples, total=191744
2026-02-10 23:39:39.978 [DBG] [EegAcquisition.Services.Simulator.EegSimulatorService] Simulator sent packet: 256 samples, total=192000
2026-02-10 23:39:40.986 [DBG] [EegAcquisition.Services.Simulator.EegSimulatorService] Simulator sent packet: 256 samples, total=192256
2026-02-10 23:39:41.985 [DBG] [EegAcquisition.Services.Simulator.EegSimulatorService] Simulator sent packet: 256 samples, total=192512
2026-02-10 23:39:42.978 [DBG] [EegAcquisition.Services.Simulator.EegSimulatorService] Simulator sent packet: 256 samples, total=192768
2026-02-10 23:39:43.981 [DBG] [EegAcquisition.Services.Simulator.EegSimulatorService] Simulator sent packet: 256 samples, total=193024
2026-02-10 23:39:44.984 [DBG] [EegAcquisition.Services.Simulator.EegSimulatorService] Simulator sent packet: 256 samples, total=193280
2026-02-10 23:39:45.980 [DBG] [EegAcquisition.Services.Simulator.EegSimulatorService] Simulator sent packet: 256 samples, total=193536
2026-02-10 23:39:46.988 [DBG] [EegAcquisition.Services.Simulator.EegSimulatorService] Simulator sent packet: 256 samples, total=193792
2026-02-10 23:39:47.984 [DBG] [EegAcquisition.Services.Simulator.EegSimulatorService] Simulator sent packet: 256 samples, total=194048
2026-02-10 23:39:48.974 [DBG] [EegAcquisition.Services.Simulator.EegSimulatorService] Simulator sent packet: 256 samples, total=194304
2026-02-10 23:39:49.975 [DBG] [EegAcquisition.Services.Simulator.EegSimulatorService] Simulator sent packet: 256 samples, total=194560
2026-02-10 23:39:50.977 [DBG] [EegAcquisition.Services.Simulator.EegSimulatorService] Simulator sent packet: 256 samples, total=194816
2026-02-10 23:39:51.982 [DBG] [EegAcquisition.Services.Simulator.EegSimulatorService] Simulator sent packet: 256 samples, total=195072
2026-02-10 23:39:52.978 [DBG] [EegAcquisition.Services.Simulator.EegSimulatorService] Simulator sent packet: 256 samples, total=195328
2026-02-10 23:39:53.983 [DBG] [EegAcquisition.Services.Simulator.EegSimulatorService] Simulator sent packet: 256 samples, total=195584
2026-02-10 23:39:54.985 [DBG] [EegAcquisition.Services.Simulator.EegSimulatorService] Simulator sent packet: 256 samples, total=195840
2026-02-10 23:39:55.988 [DBG] [EegAcquisition.Services.Simulator.EegSimulatorService] Simulator sent packet: 256 samples, total=196096
2026-02-10 23:39:56.973 [DBG] [EegAcquisition.Services.Simulator.EegSimulatorService] Simulator sent packet: 256 samples, total=196352
2026-02-10 23:39:57.976 [DBG] [EegAcquisition.Services.Simulator.EegSimulatorService] Simulator sent packet: 256 samples, total=196608
2026-02-10 23:39:58.978 [DBG] [EegAcquisition.Services.Simulator.EegSimulatorService] Simulator sent packet: 256 samples, total=196864
2026-02-10 23:39:59.974 [DBG] [EegAcquisition.Services.Simulator.EegSimulatorService] Simulator sent packet: 256 samples, total=197120
2026-02-10 23:40:00.979 [DBG] [EegAcquisition.Services.Simulator.EegSimulatorService] Simulator sent packet: 256 samples, total=197376
2026-02-10 23:40:01.984 [DBG] [EegAcquisition.Services.Simulator.EegSimulatorService] Simulator sent packet: 256 samples, total=197632
2026-02-10 23:40:02.982 [DBG] [EegAcquisition.Services.Simulator.EegSimulatorService] Simulator sent packet: 256 samples, total=197888
2026-02-10 23:40:03.980 [DBG] [EegAcquisition.Services.Simulator.EegSimulatorService] Simulator sent packet: 256 samples, total=198144
2026-02-10 23:40:04.981 [DBG] [EegAcquisition.Services.Simulator.EegSimulatorService] Simulator sent packet: 256 samples, total=198400
2026-02-10 23:40:05.984 [DBG] [EegAcquisition.Services.Simulator.EegSimulatorService] Simulator sent packet: 256 samples, total=198656
2026-02-10 23:40:06.982 [DBG] [EegAcquisition.Services.Simulator.EegSimulatorService] Simulator sent packet: 256 samples, total=198912
2026-02-10 23:40:07.983 [DBG] [EegAcquisition.Services.Simulator.EegSimulatorService] Simulator sent packet: 256 samples, total=199168
2026-02-10 23:40:08.983 [DBG] [EegAcquisition.Services.Simulator.EegSimulatorService] Simulator sent packet: 256 samples, total=199424
2026-02-10 23:40:09.982 [DBG] [EegAcquisition.Services.Simulator.EegSimulatorService] Simulator sent packet: 256 samples, total=199680
2026-02-10 23:40:10.979 [DBG] [EegAcquisition.Services.Simulator.EegSimulatorService] Simulator sent packet: 256 samples, total=199936
2026-02-10 23:40:11.983 [DBG] [EegAcquisition.Services.Simulator.EegSimulatorService] Simulator sent packet: 256 samples, total=200192
2026-02-10 23:40:12.985 [DBG] [EegAcquisition.Services.Simulator.EegSimulatorService] Simulator sent packet: 256 samples, total=200448
2026-02-10 23:40:13.981 [DBG] [EegAcquisition.Services.Simulator.EegSimulatorService] Simulator sent packet: 256 samples, total=200704
2026-02-10 23:40:14.987 [DBG] [EegAcquisition.Services.Simulator.EegSimulatorService] Simulator sent packet: 256 samples, total=200960
2026-02-10 23:40:15.984 [DBG] [EegAcquisition.Services.Simulator.EegSimulatorService] Simulator sent packet: 256 samples, total=201216
2026-02-10 23:40:16.982 [DBG] [EegAcquisition.Services.Simulator.EegSimulatorService] Simulator sent packet: 256 samples, total=201472
2026-02-10 23:40:17.986 [DBG] [EegAcquisition.Services.Simulator.EegSimulatorService] Simulator sent packet: 256 samples, total=201728
2026-02-10 23:40:18.986 [DBG] [EegAcquisition.Services.Simulator.EegSimulatorService] Simulator sent packet: 256 samples, total=201984
2026-02-10 23:40:19.973 [DBG] [EegAcquisition.Services.Simulator.EegSimulatorService] Simulator sent packet: 256 samples, total=202240
2026-02-10 23:40:20.983 [DBG] [EegAcquisition.Services.Simulator.EegSimulatorService] Simulator sent packet: 256 samples, total=202496
2026-02-10 23:40:21.991 [DBG] [EegAcquisition.Services.Simulator.EegSimulatorService] Simulator sent packet: 256 samples, total=202752
2026-02-10 23:40:22.984 [DBG] [EegAcquisition.Services.Simulator.EegSimulatorService] Simulator sent packet: 256 samples, total=203008
2026-02-10 23:40:23.984 [DBG] [EegAcquisition.Services.Simulator.EegSimulatorService] Simulator sent packet: 256 samples, total=203264
2026-02-10 23:40:24.981 [DBG] [EegAcquisition.Services.Simulator.EegSimulatorService] Simulator sent packet: 256 samples, total=203520
2026-02-10 23:40:25.996 [DBG] [EegAcquisition.Services.Simulator.EegSimulatorService] Simulator sent packet: 256 samples, total=203776
2026-02-10 23:40:26.976 [DBG] [EegAcquisition.Services.Simulator.EegSimulatorService] Simulator sent packet: 256 samples, total=204032
2026-02-10 23:40:27.988 [DBG] [EegAcquisition.Services.Simulator.EegSimulatorService] Simulator sent packet: 256 samples, total=204288
2026-02-10 23:40:28.987 [DBG] [EegAcquisition.Services.Simulator.EegSimulatorService] Simulator sent packet: 256 samples, total=204544
2026-02-10 23:40:29.983 [DBG] [EegAcquisition.Services.Simulator.EegSimulatorService] Simulator sent packet: 256 samples, total=204800
2026-02-10 23:40:30.972 [DBG] [EegAcquisition.Services.Simulator.EegSimulatorService] Simulator sent packet: 256 samples, total=205056
2026-02-10 23:40:31.986 [DBG] [EegAcquisition.Services.Simulator.EegSimulatorService] Simulator sent packet: 256 samples, total=205312
2026-02-10 23:40:32.989 [DBG] [EegAcquisition.Services.Simulator.EegSimulatorService] Simulator sent packet: 256 samples, total=205568
2026-02-10 23:40:33.978 [DBG] [EegAcquisition.Services.Simulator.EegSimulatorService] Simulator sent packet: 256 samples, total=205824
2026-02-10 23:40:34.973 [DBG] [EegAcquisition.Services.Simulator.EegSimulatorService] Simulator sent packet: 256 samples, total=206080
2026-02-10 23:40:35.974 [DBG] [EegAcquisition.Services.Simulator.EegSimulatorService] Simulator sent packet: 256 samples, total=206336
2026-02-10 23:40:36.976 [DBG] [EegAcquisition.Services.Simulator.EegSimulatorService] Simulator sent packet: 256 samples, total=206592
2026-02-10 23:40:37.977 [DBG] [EegAcquisition.Services.Simulator.EegSimulatorService] Simulator sent packet: 256 samples, total=206848
2026-02-10 23:40:38.977 [DBG] [EegAcquisition.Services.Simulator.EegSimulatorService] Simulator sent packet: 256 samples, total=207104
2026-02-10 23:40:39.976 [DBG] [EegAcquisition.Services.Simulator.EegSimulatorService] Simulator sent packet: 256 samples, total=207360
2026-02-10 23:40:40.976 [DBG] [EegAcquisition.Services.Simulator.EegSimulatorService] Simulator sent packet: 256 samples, total=207616
2026-02-10 23:40:41.977 [DBG] [EegAcquisition.Services.Simulator.EegSimulatorService] Simulator sent packet: 256 samples, total=207872
2026-02-10 23:40:42.979 [DBG] [EegAcquisition.Services.Simulator.EegSimulatorService] Simulator sent packet: 256 samples, total=208128
2026-02-10 23:40:43.977 [DBG] [EegAcquisition.Services.Simulator.EegSimulatorService] Simulator sent packet: 256 samples, total=208384
2026-02-10 23:40:44.984 [DBG] [EegAcquisition.Services.Simulator.EegSimulatorService] Simulator sent packet: 256 samples, total=208640
2026-02-10 23:40:45.978 [DBG] [EegAcquisition.Services.Simulator.EegSimulatorService] Simulator sent packet: 256 samples, total=208896
2026-02-10 23:40:46.980 [DBG] [EegAcquisition.Services.Simulator.EegSimulatorService] Simulator sent packet: 256 samples, total=209152
2026-02-10 23:40:47.979 [DBG] [EegAcquisition.Services.Simulator.EegSimulatorService] Simulator sent packet: 256 samples, total=209408
2026-02-10 23:40:48.981 [DBG] [EegAcquisition.Services.Simulator.EegSimulatorService] Simulator sent packet: 256 samples, total=209664
2026-02-10 23:40:49.989 [DBG] [EegAcquisition.Services.Simulator.EegSimulatorService] Simulator sent packet: 256 samples, total=209920
2026-02-10 23:40:50.975 [DBG] [EegAcquisition.Services.Simulator.EegSimulatorService] Simulator sent packet: 256 samples, total=210176
2026-02-10 23:40:51.979 [DBG] [EegAcquisition.Services.Simulator.EegSimulatorService] Simulator sent packet: 256 samples, total=210432
2026-02-10 23:40:52.982 [DBG] [EegAcquisition.Services.Simulator.EegSimulatorService] Simulator sent packet: 256 samples, total=210688
2026-02-10 23:40:53.983 [DBG] [EegAcquisition.Services.Simulator.EegSimulatorService] Simulator sent packet: 256 samples, total=210944
2026-02-10 23:40:54.981 [DBG] [EegAcquisition.Services.Simulator.EegSimulatorService] Simulator sent packet: 256 samples, total=211200
2026-02-10 23:40:55.983 [DBG] [EegAcquisition.Services.Simulator.EegSimulatorService] Simulator sent packet: 256 samples, total=211456
2026-02-10 23:40:56.983 [DBG] [EegAcquisition.Services.Simulator.EegSimulatorService] Simulator sent packet: 256 samples, total=211712
2026-02-10 23:40:57.978 [DBG] [EegAcquisition.Services.Simulator.EegSimulatorService] Simulator sent packet: 256 samples, total=211968
2026-02-10 23:40:58.984 [DBG] [EegAcquisition.Services.Simulator.EegSimulatorService] Simulator sent packet: 256 samples, total=212224
2026-02-10 23:40:59.999 [DBG] [EegAcquisition.Services.Simulator.EegSimulatorService] Simulator sent packet: 256 samples, total=212480
2026-02-10 23:41:00.985 [DBG] [EegAcquisition.Services.Simulator.EegSimulatorService] Simulator sent packet: 256 samples, total=212736
2026-02-10 23:41:01.987 [DBG] [EegAcquisition.Services.Simulator.EegSimulatorService] Simulator sent packet: 256 samples, total=212992
2026-02-10 23:41:02.988 [DBG] [EegAcquisition.Services.Simulator.EegSimulatorService] Simulator sent packet: 256 samples, total=213248
2026-02-10 23:41:03.990 [DBG] [EegAcquisition.Services.Simulator.EegSimulatorService] Simulator sent packet: 256 samples, total=213504
2026-02-10 23:41:04.986 [DBG] [EegAcquisition.Services.Simulator.EegSimulatorService] Simulator sent packet: 256 samples, total=213760
2026-02-10 23:41:05.991 [DBG] [EegAcquisition.Services.Simulator.EegSimulatorService] Simulator sent packet: 256 samples, total=214016
2026-02-10 23:41:06.988 [DBG] [EegAcquisition.Services.Simulator.EegSimulatorService] Simulator sent packet: 256 samples, total=214272
2026-02-10 23:41:07.983 [DBG] [EegAcquisition.Services.Simulator.EegSimulatorService] Simulator sent packet: 256 samples, total=214528
2026-02-10 23:41:08.986 [DBG] [EegAcquisition.Services.Simulator.EegSimulatorService] Simulator sent packet: 256 samples, total=214784
2026-02-10 23:41:09.972 [DBG] [EegAcquisition.Services.Simulator.EegSimulatorService] Simulator sent packet: 256 samples, total=215040
2026-02-10 23:41:10.987 [DBG] [EegAcquisition.Services.Simulator.EegSimulatorService] Simulator sent packet: 256 samples, total=215296
2026-02-10 23:41:11.986 [DBG] [EegAcquisition.Services.Simulator.EegSimulatorService] Simulator sent packet: 256 samples, total=215552
2026-02-10 23:41:12.977 [DBG] [EegAcquisition.Services.Simulator.EegSimulatorService] Simulator sent packet: 256 samples, total=215808
2026-02-10 23:41:13.989 [DBG] [EegAcquisition.Services.Simulator.EegSimulatorService] Simulator sent packet: 256 samples, total=216064
2026-02-10 23:41:14.987 [DBG] [EegAcquisition.Services.Simulator.EegSimulatorService] Simulator sent packet: 256 samples, total=216320
2026-02-10 23:41:15.993 [DBG] [EegAcquisition.Services.Simulator.EegSimulatorService] Simulator sent packet: 256 samples, total=216576
2026-02-10 23:41:16.973 [DBG] [EegAcquisition.Services.Simulator.EegSimulatorService] Simulator sent packet: 256 samples, total=216832
2026-02-10 23:41:17.973 [DBG] [EegAcquisition.Services.Simulator.EegSimulatorService] Simulator sent packet: 256 samples, total=217088
2026-02-10 23:41:18.979 [DBG] [EegAcquisition.Services.Simulator.EegSimulatorService] Simulator sent packet: 256 samples, total=217344
2026-02-10 23:41:19.973 [DBG] [EegAcquisition.Services.Simulator.EegSimulatorService] Simulator sent packet: 256 samples, total=217600
2026-02-10 23:41:20.980 [DBG] [EegAcquisition.Services.Simulator.EegSimulatorService] Simulator sent packet: 256 samples, total=217856
2026-02-10 23:41:21.977 [DBG] [EegAcquisition.Services.Simulator.EegSimulatorService] Simulator sent packet: 256 samples, total=218112
2026-02-10 23:41:22.991 [DBG] [EegAcquisition.Services.Simulator.EegSimulatorService] Simulator sent packet: 256 samples, total=218368
2026-02-10 23:41:23.983 [DBG] [EegAcquisition.Services.Simulator.EegSimulatorService] Simulator sent packet: 256 samples, total=218624
2026-02-10 23:41:24.985 [DBG] [EegAcquisition.Services.Simulator.EegSimulatorService] Simulator sent packet: 256 samples, total=218880
2026-02-10 23:41:25.973 [DBG] [EegAcquisition.Services.Simulator.EegSimulatorService] Simulator sent packet: 256 samples, total=219136
2026-02-10 23:41:26.986 [DBG] [EegAcquisition.Services.Simulator.EegSimulatorService] Simulator sent packet: 256 samples, total=219392
2026-02-10 23:41:27.979 [DBG] [EegAcquisition.Services.Simulator.EegSimulatorService] Simulator sent packet: 256 samples, total=219648
2026-02-10 23:41:28.975 [DBG] [EegAcquisition.Services.Simulator.EegSimulatorService] Simulator sent packet: 256 samples, total=219904
2026-02-10 23:41:29.973 [DBG] [EegAcquisition.Services.Simulator.EegSimulatorService] Simulator sent packet: 256 samples, total=220160
2026-02-10 23:41:30.975 [DBG] [EegAcquisition.Services.Simulator.EegSimulatorService] Simulator sent packet: 256 samples, total=220416
2026-02-10 23:41:31.989 [DBG] [EegAcquisition.Services.Simulator.EegSimulatorService] Simulator sent packet: 256 samples, total=220672
2026-02-10 23:41:32.973 [DBG] [EegAcquisition.Services.Simulator.EegSimulatorService] Simulator sent packet: 256 samples, total=220928
2026-02-10 23:41:33.974 [DBG] [EegAcquisition.Services.Simulator.EegSimulatorService] Simulator sent packet: 256 samples, total=221184
2026-02-10 23:41:34.987 [DBG] [EegAcquisition.Services.Simulator.EegSimulatorService] Simulator sent packet: 256 samples, total=221440
2026-02-10 23:41:35.973 [DBG] [EegAcquisition.Services.Simulator.EegSimulatorService] Simulator sent packet: 256 samples, total=221696
2026-02-10 23:41:36.975 [DBG] [EegAcquisition.Services.Simulator.EegSimulatorService] Simulator sent packet: 256 samples, total=221952
2026-02-10 23:41:37.981 [DBG] [EegAcquisition.Services.Simulator.EegSimulatorService] Simulator sent packet: 256 samples, total=222208
2026-02-10 23:41:38.974 [DBG] [EegAcquisition.Services.Simulator.EegSimulatorService] Simulator sent packet: 256 samples, total=222464
2026-02-10 23:41:39.980 [DBG] [EegAcquisition.Services.Simulator.EegSimulatorService] Simulator sent packet: 256 samples, total=222720
2026-02-10 23:41:40.979 [DBG] [EegAcquisition.Services.Simulator.EegSimulatorService] Simulator sent packet: 256 samples, total=222976
2026-02-10 23:41:41.980 [DBG] [EegAcquisition.Services.Simulator.EegSimulatorService] Simulator sent packet: 256 samples, total=223232
2026-02-10 23:41:42.987 [DBG] [EegAcquisition.Services.Simulator.EegSimulatorService] Simulator sent packet: 256 samples, total=223488
2026-02-10 23:41:43.981 [DBG] [EegAcquisition.Services.Simulator.EegSimulatorService] Simulator sent packet: 256 samples, total=223744
2026-02-10 23:41:44.980 [DBG] [EegAcquisition.Services.Simulator.EegSimulatorService] Simulator sent packet: 256 samples, total=224000
2026-02-10 23:41:45.977 [DBG] [EegAcquisition.Services.Simulator.EegSimulatorService] Simulator sent packet: 256 samples, total=224256
2026-02-10 23:41:46.979 [DBG] [EegAcquisition.Services.Simulator.EegSimulatorService] Simulator sent packet: 256 samples, total=224512
2026-02-10 23:41:47.980 [DBG] [EegAcquisition.Services.Simulator.EegSimulatorService] Simulator sent packet: 256 samples, total=224768
2026-02-10 23:41:48.982 [DBG] [EegAcquisition.Services.Simulator.EegSimulatorService] Simulator sent packet: 256 samples, total=225024
2026-02-10 23:41:49.981 [DBG] [EegAcquisition.Services.Simulator.EegSimulatorService] Simulator sent packet: 256 samples, total=225280
2026-02-10 23:41:50.981 [DBG] [EegAcquisition.Services.Simulator.EegSimulatorService] Simulator sent packet: 256 samples, total=225536
2026-02-10 23:41:51.982 [DBG] [EegAcquisition.Services.Simulator.EegSimulatorService] Simulator sent packet: 256 samples, total=225792
2026-02-10 23:41:52.978 [DBG] [EegAcquisition.Services.Simulator.EegSimulatorService] Simulator sent packet: 256 samples, total=226048
2026-02-10 23:41:53.982 [DBG] [EegAcquisition.Services.Simulator.EegSimulatorService] Simulator sent packet: 256 samples, total=226304
2026-02-10 23:41:54.985 [DBG] [EegAcquisition.Services.Simulator.EegSimulatorService] Simulator sent packet: 256 samples, total=226560
2026-02-10 23:41:55.978 [DBG] [EegAcquisition.Services.Simulator.EegSimulatorService] Simulator sent packet: 256 samples, total=226816
2026-02-10 23:41:56.985 [DBG] [EegAcquisition.Services.Simulator.EegSimulatorService] Simulator sent packet: 256 samples, total=227072
2026-02-10 23:41:57.988 [DBG] [EegAcquisition.Services.Simulator.EegSimulatorService] Simulator sent packet: 256 samples, total=227328
2026-02-10 23:41:58.984 [DBG] [EegAcquisition.Services.Simulator.EegSimulatorService] Simulator sent packet: 256 samples, total=227584
2026-02-10 23:41:59.978 [DBG] [EegAcquisition.Services.Simulator.EegSimulatorService] Simulator sent packet: 256 samples, total=227840
2026-02-10 23:42:00.982 [DBG] [EegAcquisition.Services.Simulator.EegSimulatorService] Simulator sent packet: 256 samples, total=228096
2026-02-10 23:42:01.987 [DBG] [EegAcquisition.Services.Simulator.EegSimulatorService] Simulator sent packet: 256 samples, total=228352
2026-02-10 23:42:02.986 [DBG] [EegAcquisition.Services.Simulator.EegSimulatorService] Simulator sent packet: 256 samples, total=228608
2026-02-10 23:42:03.982 [DBG] [EegAcquisition.Services.Simulator.EegSimulatorService] Simulator sent packet: 256 samples, total=228864
2026-02-10 23:42:04.974 [DBG] [EegAcquisition.Services.Simulator.EegSimulatorService] Simulator sent packet: 256 samples, total=229120
2026-02-10 23:42:05.985 [DBG] [EegAcquisition.Services.Simulator.EegSimulatorService] Simulator sent packet: 256 samples, total=229376
2026-02-10 23:42:06.987 [DBG] [EegAcquisition.Services.Simulator.EegSimulatorService] Simulator sent packet: 256 samples, total=229632
2026-02-10 23:42:07.983 [DBG] [EegAcquisition.Services.Simulator.EegSimulatorService] Simulator sent packet: 256 samples, total=229888
2026-02-10 23:42:08.986 [DBG] [EegAcquisition.Services.Simulator.EegSimulatorService] Simulator sent packet: 256 samples, total=230144
2026-02-10 23:42:09.982 [DBG] [EegAcquisition.Services.Simulator.EegSimulatorService] Simulator sent packet: 256 samples, total=230400
2026-02-10 23:42:10.982 [DBG] [EegAcquisition.Services.Simulator.EegSimulatorService] Simulator sent packet: 256 samples, total=230656
2026-02-10 23:42:11.984 [DBG] [EegAcquisition.Services.Simulator.EegSimulatorService] Simulator sent packet: 256 samples, total=230912
2026-02-10 23:42:12.984 [DBG] [EegAcquisition.Services.Simulator.EegSimulatorService] Simulator sent packet: 256 samples, total=231168
2026-02-10 23:42:13.986 [DBG] [EegAcquisition.Services.Simulator.EegSimulatorService] Simulator sent packet: 256 samples, total=231424
2026-02-10 23:42:14.986 [DBG] [EegAcquisition.Services.Simulator.EegSimulatorService] Simulator sent packet: 256 samples, total=231680
2026-02-10 23:42:15.992 [DBG] [EegAcquisition.Services.Simulator.EegSimulatorService] Simulator sent packet: 256 samples, total=231936
2026-02-10 23:42:16.987 [DBG] [EegAcquisition.Services.Simulator.EegSimulatorService] Simulator sent packet: 256 samples, total=232192
2026-02-10 23:42:17.987 [DBG] [EegAcquisition.Services.Simulator.EegSimulatorService] Simulator sent packet: 256 samples, total=232448
2026-02-10 23:42:18.973 [DBG] [EegAcquisition.Services.Simulator.EegSimulatorService] Simulator sent packet: 256 samples, total=232704
2026-02-10 23:42:19.974 [DBG] [EegAcquisition.Services.Simulator.EegSimulatorService] Simulator sent packet: 256 samples, total=232960
2026-02-10 23:42:20.973 [DBG] [EegAcquisition.Services.Simulator.EegSimulatorService] Simulator sent packet: 256 samples, total=233216
2026-02-10 23:42:21.974 [DBG] [EegAcquisition.Services.Simulator.EegSimulatorService] Simulator sent packet: 256 samples, total=233472
2026-02-10 23:42:22.973 [DBG] [EegAcquisition.Services.Simulator.EegSimulatorService] Simulator sent packet: 256 samples, total=233728
2026-02-10 23:42:23.973 [DBG] [EegAcquisition.Services.Simulator.EegSimulatorService] Simulator sent packet: 256 samples, total=233984
2026-02-10 23:42:24.975 [DBG] [EegAcquisition.Services.Simulator.EegSimulatorService] Simulator sent packet: 256 samples, total=234240
2026-02-10 23:42:25.975 [DBG] [EegAcquisition.Services.Simulator.EegSimulatorService] Simulator sent packet: 256 samples, total=234496
2026-02-10 23:42:26.975 [DBG] [EegAcquisition.Services.Simulator.EegSimulatorService] Simulator sent packet: 256 samples, total=234752
2026-02-10 23:42:27.976 [DBG] [EegAcquisition.Services.Simulator.EegSimulatorService] Simulator sent packet: 256 samples, total=235008
2026-02-10 23:42:28.977 [DBG] [EegAcquisition.Services.Simulator.EegSimulatorService] Simulator sent packet: 256 samples, total=235264
2026-02-10 23:42:29.980 [DBG] [EegAcquisition.Services.Simulator.EegSimulatorService] Simulator sent packet: 256 samples, total=235520
2026-02-10 23:42:30.976 [DBG] [EegAcquisition.Services.Simulator.EegSimulatorService] Simulator sent packet: 256 samples, total=235776
2026-02-10 23:42:31.976 [DBG] [EegAcquisition.Services.Simulator.EegSimulatorService] Simulator sent packet: 256 samples, total=236032
2026-02-10 23:42:32.977 [DBG] [EegAcquisition.Services.Simulator.EegSimulatorService] Simulator sent packet: 256 samples, total=236288
2026-02-10 23:42:33.973 [DBG] [EegAcquisition.Services.Simulator.EegSimulatorService] Simulator sent packet: 256 samples, total=236544
2026-02-10 23:42:34.978 [DBG] [EegAcquisition.Services.Simulator.EegSimulatorService] Simulator sent packet: 256 samples, total=236800
2026-02-10 23:42:35.980 [DBG] [EegAcquisition.Services.Simulator.EegSimulatorService] Simulator sent packet: 256 samples, total=237056
2026-02-10 23:42:36.981 [DBG] [EegAcquisition.Services.Simulator.EegSimulatorService] Simulator sent packet: 256 samples, total=237312
2026-02-10 23:42:37.982 [DBG] [EegAcquisition.Services.Simulator.EegSimulatorService] Simulator sent packet: 256 samples, total=237568
2026-02-10 23:42:38.987 [DBG] [EegAcquisition.Services.Simulator.EegSimulatorService] Simulator sent packet: 256 samples, total=237824
2026-02-10 23:42:39.987 [DBG] [EegAcquisition.Services.Simulator.EegSimulatorService] Simulator sent packet: 256 samples, total=238080
2026-02-10 23:42:40.980 [DBG] [EegAcquisition.Services.Simulator.EegSimulatorService] Simulator sent packet: 256 samples, total=238336
2026-02-10 23:42:41.981 [DBG] [EegAcquisition.Services.Simulator.EegSimulatorService] Simulator sent packet: 256 samples, total=238592
2026-02-10 23:42:42.983 [DBG] [EegAcquisition.Services.Simulator.EegSimulatorService] Simulator sent packet: 256 samples, total=238848
2026-02-10 23:42:43.983 [DBG] [EegAcquisition.Services.Simulator.EegSimulatorService] Simulator sent packet: 256 samples, total=239104
2026-02-10 23:42:44.982 [DBG] [EegAcquisition.Services.Simulator.EegSimulatorService] Simulator sent packet: 256 samples, total=239360
2026-02-10 23:42:45.987 [DBG] [EegAcquisition.Services.Simulator.EegSimulatorService] Simulator sent packet: 256 samples, total=239616
2026-02-10 23:42:46.987 [DBG] [EegAcquisition.Services.Simulator.EegSimulatorService] Simulator sent packet: 256 samples, total=239872
2026-02-10 23:42:47.983 [DBG] [EegAcquisition.Services.Simulator.EegSimulatorService] Simulator sent packet: 256 samples, total=240128
2026-02-10 23:42:48.977 [DBG] [EegAcquisition.Services.Simulator.EegSimulatorService] Simulator sent packet: 256 samples, total=240384
2026-02-10 23:42:49.974 [DBG] [EegAcquisition.Services.Simulator.EegSimulatorService] Simulator sent packet: 256 samples, total=240640
2026-02-10 23:42:50.983 [DBG] [EegAcquisition.Services.Simulator.EegSimulatorService] Simulator sent packet: 256 samples, total=240896
2026-02-10 23:42:51.982 [DBG] [EegAcquisition.Services.Simulator.EegSimulatorService] Simulator sent packet: 256 samples, total=241152
2026-02-10 23:42:52.984 [DBG] [EegAcquisition.Services.Simulator.EegSimulatorService] Simulator sent packet: 256 samples, total=241408
2026-02-10 23:42:53.981 [DBG] [EegAcquisition.Services.Simulator.EegSimulatorService] Simulator sent packet: 256 samples, total=241664
2026-02-10 23:42:54.977 [DBG] [EegAcquisition.Services.Simulator.EegSimulatorService] Simulator sent packet: 256 samples, total=241920
2026-02-10 23:42:55.985 [DBG] [EegAcquisition.Services.Simulator.EegSimulatorService] Simulator sent packet: 256 samples, total=242176
2026-02-10 23:42:56.983 [DBG] [EegAcquisition.Services.Simulator.EegSimulatorService] Simulator sent packet: 256 samples, total=242432
2026-02-10 23:42:57.984 [DBG] [EegAcquisition.Services.Simulator.EegSimulatorService] Simulator sent packet: 256 samples, total=242688
2026-02-10 23:42:58.980 [DBG] [EegAcquisition.Services.Simulator.EegSimulatorService] Simulator sent packet: 256 samples, total=242944
2026-02-10 23:42:59.979 [DBG] [EegAcquisition.Services.Simulator.EegSimulatorService] Simulator sent packet: 256 samples, total=243200
2026-02-10 23:43:00.982 [DBG] [EegAcquisition.Services.Simulator.EegSimulatorService] Simulator sent packet: 256 samples, total=243456
2026-02-10 23:43:01.983 [DBG] [EegAcquisition.Services.Simulator.EegSimulatorService] Simulator sent packet: 256 samples, total=243712
2026-02-10 23:43:02.983 [DBG] [EegAcquisition.Services.Simulator.EegSimulatorService] Simulator sent packet: 256 samples, total=243968
2026-02-10 23:43:03.981 [DBG] [EegAcquisition.Services.Simulator.EegSimulatorService] Simulator sent packet: 256 samples, total=244224
2026-02-10 23:43:04.977 [DBG] [EegAcquisition.Services.Simulator.EegSimulatorService] Simulator sent packet: 256 samples, total=244480
2026-02-10 23:43:05.978 [DBG] [EegAcquisition.Services.Simulator.EegSimulatorService] Simulator sent packet: 256 samples, total=244736
2026-02-10 23:43:06.984 [DBG] [EegAcquisition.Services.Simulator.EegSimulatorService] Simulator sent packet: 256 samples, total=244992
2026-02-10 23:43:07.976 [DBG] [EegAcquisition.Services.Simulator.EegSimulatorService] Simulator sent packet: 256 samples, total=245248
2026-02-10 23:43:08.982 [DBG] [EegAcquisition.Services.Simulator.EegSimulatorService] Simulator sent packet: 256 samples, total=245504
2026-02-10 23:43:09.983 [DBG] [EegAcquisition.Services.Simulator.EegSimulatorService] Simulator sent packet: 256 samples, total=245760
2026-02-10 23:43:10.981 [DBG] [EegAcquisition.Services.Simulator.EegSimulatorService] Simulator sent packet: 256 samples, total=246016
2026-02-10 23:43:11.980 [DBG] [EegAcquisition.Services.Simulator.EegSimulatorService] Simulator sent packet: 256 samples, total=246272
2026-02-10 23:43:12.977 [DBG] [EegAcquisition.Services.Simulator.EegSimulatorService] Simulator sent packet: 256 samples, total=246528
2026-02-10 23:43:13.976 [DBG] [EegAcquisition.Services.Simulator.EegSimulatorService] Simulator sent packet: 256 samples, total=246784
2026-02-10 23:43:14.982 [DBG] [EegAcquisition.Services.Simulator.EegSimulatorService] Simulator sent packet: 256 samples, total=247040
2026-02-10 23:43:15.980 [DBG] [EegAcquisition.Services.Simulator.EegSimulatorService] Simulator sent packet: 256 samples, total=247296
2026-02-10 23:43:16.981 [DBG] [EegAcquisition.Services.Simulator.EegSimulatorService] Simulator sent packet: 256 samples, total=247552
2026-02-10 23:43:17.984 [DBG] [EegAcquisition.Services.Simulator.EegSimulatorService] Simulator sent packet: 256 samples, total=247808
2026-02-10 23:43:18.986 [DBG] [EegAcquisition.Services.Simulator.EegSimulatorService] Simulator sent packet: 256 samples, total=248064
2026-02-10 23:43:19.982 [DBG] [EegAcquisition.Services.Simulator.EegSimulatorService] Simulator sent packet: 256 samples, total=248320
2026-02-10 23:43:20.980 [DBG] [EegAcquisition.Services.Simulator.EegSimulatorService] Simulator sent packet: 256 samples, total=248576
2026-02-10 23:43:21.980 [DBG] [EegAcquisition.Services.Simulator.EegSimulatorService] Simulator sent packet: 256 samples, total=248832
2026-02-10 23:43:22.976 [DBG] [EegAcquisition.Services.Simulator.EegSimulatorService] Simulator sent packet: 256 samples, total=249088
2026-02-10 23:43:23.977 [DBG] [EegAcquisition.Services.Simulator.EegSimulatorService] Simulator sent packet: 256 samples, total=249344
2026-02-10 23:43:24.988 [DBG] [EegAcquisition.Services.Simulator.EegSimulatorService] Simulator sent packet: 256 samples, total=249600
2026-02-10 23:43:25.980 [DBG] [EegAcquisition.Services.Simulator.EegSimulatorService] Simulator sent packet: 256 samples, total=249856
2026-02-10 23:43:26.980 [DBG] [EegAcquisition.Services.Simulator.EegSimulatorService] Simulator sent packet: 256 samples, total=250112
2026-02-10 23:43:27.980 [DBG] [EegAcquisition.Services.Simulator.EegSimulatorService] Simulator sent packet: 256 samples, total=250368
2026-02-10 23:43:28.983 [DBG] [EegAcquisition.Services.Simulator.EegSimulatorService] Simulator sent packet: 256 samples, total=250624
2026-02-10 23:43:29.976 [DBG] [EegAcquisition.Services.Simulator.EegSimulatorService] Simulator sent packet: 256 samples, total=250880
2026-02-10 23:43:30.981 [DBG] [EegAcquisition.Services.Simulator.EegSimulatorService] Simulator sent packet: 256 samples, total=251136
2026-02-10 23:43:31.979 [DBG] [EegAcquisition.Services.Simulator.EegSimulatorService] Simulator sent packet: 256 samples, total=251392
2026-02-10 23:43:32.980 [DBG] [EegAcquisition.Services.Simulator.EegSimulatorService] Simulator sent packet: 256 samples, total=251648
2026-02-10 23:43:33.977 [DBG] [EegAcquisition.Services.Simulator.EegSimulatorService] Simulator sent packet: 256 samples, total=251904
2026-02-10 23:43:34.980 [DBG] [EegAcquisition.Services.Simulator.EegSimulatorService] Simulator sent packet: 256 samples, total=252160
2026-02-10 23:43:35.983 [DBG] [EegAcquisition.Services.Simulator.EegSimulatorService] Simulator sent packet: 256 samples, total=252416
2026-02-10 23:43:36.982 [DBG] [EegAcquisition.Services.Simulator.EegSimulatorService] Simulator sent packet: 256 samples, total=252672
2026-02-10 23:43:37.980 [DBG] [EegAcquisition.Services.Simulator.EegSimulatorService] Simulator sent packet: 256 samples, total=252928
2026-02-10 23:43:38.976 [DBG] [EegAcquisition.Services.Simulator.EegSimulatorService] Simulator sent packet: 256 samples, total=253184
2026-02-10 23:43:39.978 [DBG] [EegAcquisition.Services.Simulator.EegSimulatorService] Simulator sent packet: 256 samples, total=253440
2026-02-10 23:43:40.976 [DBG] [EegAcquisition.Services.Simulator.EegSimulatorService] Simulator sent packet: 256 samples, total=253696
2026-02-10 23:43:41.984 [DBG] [EegAcquisition.Services.Simulator.EegSimulatorService] Simulator sent packet: 256 samples, total=253952
2026-02-10 23:43:42.979 [DBG] [EegAcquisition.Services.Simulator.EegSimulatorService] Simulator sent packet: 256 samples, total=254208
2026-02-10 23:43:43.979 [DBG] [EegAcquisition.Services.Simulator.EegSimulatorService] Simulator sent packet: 256 samples, total=254464
2026-02-10 23:43:44.983 [DBG] [EegAcquisition.Services.Simulator.EegSimulatorService] Simulator sent packet: 256 samples, total=254720
2026-02-10 23:43:45.978 [DBG] [EegAcquisition.Services.Simulator.EegSimulatorService] Simulator sent packet: 256 samples, total=254976
2026-02-10 23:43:46.976 [DBG] [EegAcquisition.Services.Simulator.EegSimulatorService] Simulator sent packet: 256 samples, total=255232
2026-02-10 23:43:47.979 [DBG] [EegAcquisition.Services.Simulator.EegSimulatorService] Simulator sent packet: 256 samples, total=255488
2026-02-10 23:43:48.979 [DBG] [EegAcquisition.Services.Simulator.EegSimulatorService] Simulator sent packet: 256 samples, total=255744
2026-02-10 23:43:49.986 [DBG] [EegAcquisition.Services.Simulator.EegSimulatorService] Simulator sent packet: 256 samples, total=256000
2026-02-10 23:43:50.976 [DBG] [EegAcquisition.Services.Simulator.EegSimulatorService] Simulator sent packet: 256 samples, total=256256
2026-02-10 23:43:51.976 [DBG] [EegAcquisition.Services.Simulator.EegSimulatorService] Simulator sent packet: 256 samples, total=256512
2026-02-10 23:43:52.977 [DBG] [EegAcquisition.Services.Simulator.EegSimulatorService] Simulator sent packet: 256 samples, total=256768
2026-02-10 23:43:53.982 [DBG] [EegAcquisition.Services.Simulator.EegSimulatorService] Simulator sent packet: 256 samples, total=257024
2026-02-10 23:43:54.981 [DBG] [EegAcquisition.Services.Simulator.EegSimulatorService] Simulator sent packet: 256 samples, total=257280
2026-02-10 23:43:55.983 [DBG] [EegAcquisition.Services.Simulator.EegSimulatorService] Simulator sent packet: 256 samples, total=257536
2026-02-10 23:43:56.974 [DBG] [EegAcquisition.Services.Simulator.EegSimulatorService] Simulator sent packet: 256 samples, total=257792
2026-02-10 23:43:57.975 [DBG] [EegAcquisition.Services.Simulator.EegSimulatorService] Simulator sent packet: 256 samples, total=258048
2026-02-10 23:43:58.975 [DBG] [EegAcquisition.Services.Simulator.EegSimulatorService] Simulator sent packet: 256 samples, total=258304
2026-02-10 23:43:59.980 [DBG] [EegAcquisition.Services.Simulator.EegSimulatorService] Simulator sent packet: 256 samples, total=258560
2026-02-10 23:44:00.982 [DBG] [EegAcquisition.Services.Simulator.EegSimulatorService] Simulator sent packet: 256 samples, total=258816
2026-02-10 23:44:01.983 [DBG] [EegAcquisition.Services.Simulator.EegSimulatorService] Simulator sent packet: 256 samples, total=259072
2026-02-10 23:44:02.980 [DBG] [EegAcquisition.Services.Simulator.EegSimulatorService] Simulator sent packet: 256 samples, total=259328
2026-02-10 23:44:03.979 [DBG] [EegAcquisition.Services.Simulator.EegSimulatorService] Simulator sent packet: 256 samples, total=259584
2026-02-10 23:44:04.980 [DBG] [EegAcquisition.Services.Simulator.EegSimulatorService] Simulator sent packet: 256 samples, total=259840
2026-02-10 23:44:05.977 [DBG] [EegAcquisition.Services.Simulator.EegSimulatorService] Simulator sent packet: 256 samples, total=260096
2026-02-10 23:44:06.975 [DBG] [EegAcquisition.Services.Simulator.EegSimulatorService] Simulator sent packet: 256 samples, total=260352
2026-02-10 23:44:07.992 [DBG] [EegAcquisition.Services.Simulator.EegSimulatorService] Simulator sent packet: 256 samples, total=260608
2026-02-10 23:44:08.981 [DBG] [EegAcquisition.Services.Simulator.EegSimulatorService] Simulator sent packet: 256 samples, total=260864
2026-02-10 23:44:09.974 [DBG] [EegAcquisition.Services.Simulator.EegSimulatorService] Simulator sent packet: 256 samples, total=261120
2026-02-10 23:44:10.980 [DBG] [EegAcquisition.Services.Simulator.EegSimulatorService] Simulator sent packet: 256 samples, total=261376
2026-02-10 23:44:11.979 [DBG] [EegAcquisition.Services.Simulator.EegSimulatorService] Simulator sent packet: 256 samples, total=261632
2026-02-10 23:44:12.983 [DBG] [EegAcquisition.Services.Simulator.EegSimulatorService] Simulator sent packet: 256 samples, total=261888
2026-02-10 23:44:13.975 [DBG] [EegAcquisition.Services.Simulator.EegSimulatorService] Simulator sent packet: 256 samples, total=262144
2026-02-10 23:44:14.975 [DBG] [EegAcquisition.Services.Simulator.EegSimulatorService] Simulator sent packet: 256 samples, total=262400
2026-02-10 23:44:15.978 [DBG] [EegAcquisition.Services.Simulator.EegSimulatorService] Simulator sent packet: 256 samples, total=262656
2026-02-10 23:44:16.978 [DBG] [EegAcquisition.Services.Simulator.EegSimulatorService] Simulator sent packet: 256 samples, total=262912
2026-02-10 23:44:17.977 [DBG] [EegAcquisition.Services.Simulator.EegSimulatorService] Simulator sent packet: 256 samples, total=263168
2026-02-10 23:44:18.977 [DBG] [EegAcquisition.Services.Simulator.EegSimulatorService] Simulator sent packet: 256 samples, total=263424
2026-02-10 23:44:19.978 [DBG] [EegAcquisition.Services.Simulator.EegSimulatorService] Simulator sent packet: 256 samples, total=263680
2026-02-10 23:44:20.977 [DBG] [EegAcquisition.Services.Simulator.EegSimulatorService] Simulator sent packet: 256 samples, total=263936
2026-02-10 23:44:21.980 [DBG] [EegAcquisition.Services.Simulator.EegSimulatorService] Simulator sent packet: 256 samples, total=264192
2026-02-10 23:44:22.979 [DBG] [EegAcquisition.Services.Simulator.EegSimulatorService] Simulator sent packet: 256 samples, total=264448
2026-02-10 23:44:23.977 [DBG] [EegAcquisition.Services.Simulator.EegSimulatorService] Simulator sent packet: 256 samples, total=264704
2026-02-10 23:44:24.978 [DBG] [EegAcquisition.Services.Simulator.EegSimulatorService] Simulator sent packet: 256 samples, total=264960
2026-02-10 23:44:25.977 [DBG] [EegAcquisition.Services.Simulator.EegSimulatorService] Simulator sent packet: 256 samples, total=265216
2026-02-10 23:44:26.979 [DBG] [EegAcquisition.Services.Simulator.EegSimulatorService] Simulator sent packet: 256 samples, total=265472
2026-02-10 23:44:27.978 [DBG] [EegAcquisition.Services.Simulator.EegSimulatorService] Simulator sent packet: 256 samples, total=265728
2026-02-10 23:44:28.977 [DBG] [EegAcquisition.Services.Simulator.EegSimulatorService] Simulator sent packet: 256 samples, total=265984
2026-02-10 23:44:29.975 [DBG] [EegAcquisition.Services.Simulator.EegSimulatorService] Simulator sent packet: 256 samples, total=266240
2026-02-10 23:44:30.974 [DBG] [EegAcquisition.Services.Simulator.EegSimulatorService] Simulator sent packet: 256 samples, total=266496
2026-02-10 23:44:31.978 [DBG] [EegAcquisition.Services.Simulator.EegSimulatorService] Simulator sent packet: 256 samples, total=266752
2026-02-10 23:44:32.980 [DBG] [EegAcquisition.Services.Simulator.EegSimulatorService] Simulator sent packet: 256 samples, total=267008
2026-02-10 23:44:33.975 [DBG] [EegAcquisition.Services.Simulator.EegSimulatorService] Simulator sent packet: 256 samples, total=267264
2026-02-10 23:44:34.974 [DBG] [EegAcquisition.Services.Simulator.EegSimulatorService] Simulator sent packet: 256 samples, total=267520
2026-02-10 23:44:35.975 [DBG] [EegAcquisition.Services.Simulator.EegSimulatorService] Simulator sent packet: 256 samples, total=267776
2026-02-10 23:44:36.975 [DBG] [EegAcquisition.Services.Simulator.EegSimulatorService] Simulator sent packet: 256 samples, total=268032
2026-02-10 23:44:37.976 [DBG] [EegAcquisition.Services.Simulator.EegSimulatorService] Simulator sent packet: 256 samples, total=268288
2026-02-10 23:44:38.977 [DBG] [EegAcquisition.Services.Simulator.EegSimulatorService] Simulator sent packet: 256 samples, total=268544
2026-02-10 23:44:39.976 [DBG] [EegAcquisition.Services.Simulator.EegSimulatorService] Simulator sent packet: 256 samples, total=268800
2026-02-10 23:44:40.974 [DBG] [EegAcquisition.Services.Simulator.EegSimulatorService] Simulator sent packet: 256 samples, total=269056
2026-02-10 23:44:41.972 [DBG] [EegAcquisition.Services.Simulator.EegSimulatorService] Simulator sent packet: 256 samples, total=269312
2026-02-10 23:44:42.983 [DBG] [EegAcquisition.Services.Simulator.EegSimulatorService] Simulator sent packet: 256 samples, total=269568
2026-02-10 23:44:43.984 [DBG] [EegAcquisition.Services.Simulator.EegSimulatorService] Simulator sent packet: 256 samples, total=269824
2026-02-10 23:44:44.972 [DBG] [EegAcquisition.Services.Simulator.EegSimulatorService] Simulator sent packet: 256 samples, total=270080
2026-02-10 23:44:45.981 [DBG] [EegAcquisition.Services.Simulator.EegSimulatorService] Simulator sent packet: 256 samples, total=270336
2026-02-10 23:44:46.978 [DBG] [EegAcquisition.Services.Simulator.EegSimulatorService] Simulator sent packet: 256 samples, total=270592
2026-02-10 23:44:47.976 [DBG] [EegAcquisition.Services.Simulator.EegSimulatorService] Simulator sent packet: 256 samples, total=270848
2026-02-10 23:44:48.979 [DBG] [EegAcquisition.Services.Simulator.EegSimulatorService] Simulator sent packet: 256 samples, total=271104
2026-02-10 23:44:49.981 [DBG] [EegAcquisition.Services.Simulator.EegSimulatorService] Simulator sent packet: 256 samples, total=271360
2026-02-10 23:44:50.986 [DBG] [EegAcquisition.Services.Simulator.EegSimulatorService] Simulator sent packet: 256 samples, total=271616
2026-02-10 23:44:51.982 [DBG] [EegAcquisition.Services.Simulator.EegSimulatorService] Simulator sent packet: 256 samples, total=271872
2026-02-10 23:44:52.986 [DBG] [EegAcquisition.Services.Simulator.EegSimulatorService] Simulator sent packet: 256 samples, total=272128
2026-02-10 23:44:53.978 [DBG] [EegAcquisition.Services.Simulator.EegSimulatorService] Simulator sent packet: 256 samples, total=272384
2026-02-10 23:44:54.976 [DBG] [EegAcquisition.Services.Simulator.EegSimulatorService] Simulator sent packet: 256 samples, total=272640
2026-02-10 23:44:55.978 [DBG] [EegAcquisition.Services.Simulator.EegSimulatorService] Simulator sent packet: 256 samples, total=272896
2026-02-10 23:44:56.978 [DBG] [EegAcquisition.Services.Simulator.EegSimulatorService] Simulator sent packet: 256 samples, total=273152
2026-02-10 23:44:57.987 [DBG] [EegAcquisition.Services.Simulator.EegSimulatorService] Simulator sent packet: 256 samples, total=273408
2026-02-10 23:44:58.982 [DBG] [EegAcquisition.Services.Simulator.EegSimulatorService] Simulator sent packet: 256 samples, total=273664
2026-02-10 23:44:59.982 [DBG] [EegAcquisition.Services.Simulator.EegSimulatorService] Simulator sent packet: 256 samples, total=273920
2026-02-10 23:45:00.990 [DBG] [EegAcquisition.Services.Simulator.EegSimulatorService] Simulator sent packet: 256 samples, total=274176
2026-02-10 23:45:01.974 [DBG] [EegAcquisition.Services.Simulator.EegSimulatorService] Simulator sent packet: 256 samples, total=274432
2026-02-10 23:45:02.979 [DBG] [EegAcquisition.Services.Simulator.EegSimulatorService] Simulator sent packet: 256 samples, total=274688
2026-02-10 23:45:03.975 [DBG] [EegAcquisition.Services.Simulator.EegSimulatorService] Simulator sent packet: 256 samples, total=274944
2026-02-10 23:45:04.978 [DBG] [EegAcquisition.Services.Simulator.EegSimulatorService] Simulator sent packet: 256 samples, total=275200
2026-02-10 23:45:05.979 [DBG] [EegAcquisition.Services.Simulator.EegSimulatorService] Simulator sent packet: 256 samples, total=275456
2026-02-10 23:45:06.980 [DBG] [EegAcquisition.Services.Simulator.EegSimulatorService] Simulator sent packet: 256 samples, total=275712
2026-02-10 23:45:07.984 [DBG] [EegAcquisition.Services.Simulator.EegSimulatorService] Simulator sent packet: 256 samples, total=275968
2026-02-10 23:45:08.982 [DBG] [EegAcquisition.Services.Simulator.EegSimulatorService] Simulator sent packet: 256 samples, total=276224
2026-02-10 23:45:09.977 [DBG] [EegAcquisition.Services.Simulator.EegSimulatorService] Simulator sent packet: 256 samples, total=276480
2026-02-10 23:45:10.985 [DBG] [EegAcquisition.Services.Simulator.EegSimulatorService] Simulator sent packet: 256 samples, total=276736
2026-02-10 23:45:11.977 [DBG] [EegAcquisition.Services.Simulator.EegSimulatorService] Simulator sent packet: 256 samples, total=276992
2026-02-10 23:45:12.974 [DBG] [EegAcquisition.Services.Simulator.EegSimulatorService] Simulator sent packet: 256 samples, total=277248
2026-02-10 23:45:13.975 [DBG] [EegAcquisition.Services.Simulator.EegSimulatorService] Simulator sent packet: 256 samples, total=277504
2026-02-10 23:45:14.980 [DBG] [EegAcquisition.Services.Simulator.EegSimulatorService] Simulator sent packet: 256 samples, total=277760
2026-02-10 23:45:15.985 [DBG] [EegAcquisition.Services.Simulator.EegSimulatorService] Simulator sent packet: 256 samples, total=278016
2026-02-10 23:45:16.978 [DBG] [EegAcquisition.Services.Simulator.EegSimulatorService] Simulator sent packet: 256 samples, total=278272
2026-02-10 23:45:17.981 [DBG] [EegAcquisition.Services.Simulator.EegSimulatorService] Simulator sent packet: 256 samples, total=278528
2026-02-10 23:45:18.983 [DBG] [EegAcquisition.Services.Simulator.EegSimulatorService] Simulator sent packet: 256 samples, total=278784
2026-02-10 23:45:19.974 [DBG] [EegAcquisition.Services.Simulator.EegSimulatorService] Simulator sent packet: 256 samples, total=279040
2026-02-10 23:45:20.979 [DBG] [EegAcquisition.Services.Simulator.EegSimulatorService] Simulator sent packet: 256 samples, total=279296
2026-02-10 23:45:21.975 [DBG] [EegAcquisition.Services.Simulator.EegSimulatorService] Simulator sent packet: 256 samples, total=279552
2026-02-10 23:45:22.975 [DBG] [EegAcquisition.Services.Simulator.EegSimulatorService] Simulator sent packet: 256 samples, total=279808
2026-02-10 23:45:23.975 [DBG] [EegAcquisition.Services.Simulator.EegSimulatorService] Simulator sent packet: 256 samples, total=280064
2026-02-10 23:45:24.978 [DBG] [EegAcquisition.Services.Simulator.EegSimulatorService] Simulator sent packet: 256 samples, total=280320
2026-02-10 23:45:25.980 [DBG] [EegAcquisition.Services.Simulator.EegSimulatorService] Simulator sent packet: 256 samples, total=280576
2026-02-10 23:45:26.982 [DBG] [EegAcquisition.Services.Simulator.EegSimulatorService] Simulator sent packet: 256 samples, total=280832
2026-02-10 23:45:27.984 [DBG] [EegAcquisition.Services.Simulator.EegSimulatorService] Simulator sent packet: 256 samples, total=281088
2026-02-10 23:45:28.986 [DBG] [EegAcquisition.Services.Simulator.EegSimulatorService] Simulator sent packet: 256 samples, total=281344
2026-02-10 23:45:29.988 [DBG] [EegAcquisition.Services.Simulator.EegSimulatorService] Simulator sent packet: 256 samples, total=281600
2026-02-10 23:45:30.975 [DBG] [EegAcquisition.Services.Simulator.EegSimulatorService] Simulator sent packet: 256 samples, total=281856
2026-02-10 23:45:31.975 [DBG] [EegAcquisition.Services.Simulator.EegSimulatorService] Simulator sent packet: 256 samples, total=282112
2026-02-10 23:45:32.981 [DBG] [EegAcquisition.Services.Simulator.EegSimulatorService] Simulator sent packet: 256 samples, total=282368
2026-02-10 23:45:33.981 [DBG] [EegAcquisition.Services.Simulator.EegSimulatorService] Simulator sent packet: 256 samples, total=282624
2026-02-10 23:45:34.981 [DBG] [EegAcquisition.Services.Simulator.EegSimulatorService] Simulator sent packet: 256 samples, total=282880
2026-02-10 23:45:35.985 [DBG] [EegAcquisition.Services.Simulator.EegSimulatorService] Simulator sent packet: 256 samples, total=283136
2026-02-10 23:45:36.982 [DBG] [EegAcquisition.Services.Simulator.EegSimulatorService] Simulator sent packet: 256 samples, total=283392
2026-02-10 23:45:37.974 [DBG] [EegAcquisition.Services.Simulator.EegSimulatorService] Simulator sent packet: 256 samples, total=283648
2026-02-10 23:45:38.973 [DBG] [EegAcquisition.Services.Simulator.EegSimulatorService] Simulator sent packet: 256 samples, total=283904
2026-02-10 23:45:39.975 [DBG] [EegAcquisition.Services.Simulator.EegSimulatorService] Simulator sent packet: 256 samples, total=284160
2026-02-10 23:45:40.976 [DBG] [EegAcquisition.Services.Simulator.EegSimulatorService] Simulator sent packet: 256 samples, total=284416
2026-02-10 23:45:41.982 [DBG] [EegAcquisition.Services.Simulator.EegSimulatorService] Simulator sent packet: 256 samples, total=284672
2026-02-10 23:45:42.984 [DBG] [EegAcquisition.Services.Simulator.EegSimulatorService] Simulator sent packet: 256 samples, total=284928
2026-02-10 23:45:43.984 [DBG] [EegAcquisition.Services.Simulator.EegSimulatorService] Simulator sent packet: 256 samples, total=285184
2026-02-10 23:45:44.984 [DBG] [EegAcquisition.Services.Simulator.EegSimulatorService] Simulator sent packet: 256 samples, total=285440
2026-02-10 23:45:45.987 [DBG] [EegAcquisition.Services.Simulator.EegSimulatorService] Simulator sent packet: 256 samples, total=285696
2026-02-10 23:45:46.990 [DBG] [EegAcquisition.Services.Simulator.EegSimulatorService] Simulator sent packet: 256 samples, total=285952
2026-02-10 23:45:47.988 [DBG] [EegAcquisition.Services.Simulator.EegSimulatorService] Simulator sent packet: 256 samples, total=286208
2026-02-10 23:45:48.976 [DBG] [EegAcquisition.Services.Simulator.EegSimulatorService] Simulator sent packet: 256 samples, total=286464
2026-02-10 23:45:49.975 [DBG] [EegAcquisition.Services.Simulator.EegSimulatorService] Simulator sent packet: 256 samples, total=286720
2026-02-10 23:45:50.988 [DBG] [EegAcquisition.Services.Simulator.EegSimulatorService] Simulator sent packet: 256 samples, total=286976
2026-02-10 23:45:51.988 [DBG] [EegAcquisition.Services.Simulator.EegSimulatorService] Simulator sent packet: 256 samples, total=287232
2026-02-10 23:45:52.974 [DBG] [EegAcquisition.Services.Simulator.EegSimulatorService] Simulator sent packet: 256 samples, total=287488
2026-02-10 23:45:53.973 [DBG] [EegAcquisition.Services.Simulator.EegSimulatorService] Simulator sent packet: 256 samples, total=287744
2026-02-10 23:45:54.988 [DBG] [EegAcquisition.Services.Simulator.EegSimulatorService] Simulator sent packet: 256 samples, total=288000
2026-02-10 23:45:55.974 [DBG] [EegAcquisition.Services.Simulator.EegSimulatorService] Simulator sent packet: 256 samples, total=288256
2026-02-10 23:45:56.973 [DBG] [EegAcquisition.Services.Simulator.EegSimulatorService] Simulator sent packet: 256 samples, total=288512
2026-02-10 23:45:57.974 [DBG] [EegAcquisition.Services.Simulator.EegSimulatorService] Simulator sent packet: 256 samples, total=288768
2026-02-10 23:45:58.975 [DBG] [EegAcquisition.Services.Simulator.EegSimulatorService] Simulator sent packet: 256 samples, total=289024
2026-02-10 23:45:59.974 [DBG] [EegAcquisition.Services.Simulator.EegSimulatorService] Simulator sent packet: 256 samples, total=289280
2026-02-10 23:46:00.974 [DBG] [EegAcquisition.Services.Simulator.EegSimulatorService] Simulator sent packet: 256 samples, total=289536
2026-02-10 23:46:01.974 [DBG] [EegAcquisition.Services.Simulator.EegSimulatorService] Simulator sent packet: 256 samples, total=289792
2026-02-10 23:46:02.983 [DBG] [EegAcquisition.Services.Simulator.EegSimulatorService] Simulator sent packet: 256 samples, total=290048
2026-02-10 23:46:03.984 [DBG] [EegAcquisition.Services.Simulator.EegSimulatorService] Simulator sent packet: 256 samples, total=290304
2026-02-10 23:46:04.987 [DBG] [EegAcquisition.Services.Simulator.EegSimulatorService] Simulator sent packet: 256 samples, total=290560
2026-02-10 23:46:05.975 [DBG] [EegAcquisition.Services.Simulator.EegSimulatorService] Simulator sent packet: 256 samples, total=290816
2026-02-10 23:46:06.992 [DBG] [EegAcquisition.Services.Simulator.EegSimulatorService] Simulator sent packet: 256 samples, total=291072
2026-02-10 23:46:07.979 [DBG] [EegAcquisition.Services.Simulator.EegSimulatorService] Simulator sent packet: 256 samples, total=291328
2026-02-10 23:46:08.977 [DBG] [EegAcquisition.Services.Simulator.EegSimulatorService] Simulator sent packet: 256 samples, total=291584
2026-02-10 23:46:09.982 [DBG] [EegAcquisition.Services.Simulator.EegSimulatorService] Simulator sent packet: 256 samples, total=291840
2026-02-10 23:46:10.979 [DBG] [EegAcquisition.Services.Simulator.EegSimulatorService] Simulator sent packet: 256 samples, total=292096
2026-02-10 23:46:11.983 [DBG] [EegAcquisition.Services.Simulator.EegSimulatorService] Simulator sent packet: 256 samples, total=292352
2026-02-10 23:46:12.984 [DBG] [EegAcquisition.Services.Simulator.EegSimulatorService] Simulator sent packet: 256 samples, total=292608
2026-02-10 23:46:13.987 [DBG] [EegAcquisition.Services.Simulator.EegSimulatorService] Simulator sent packet: 256 samples, total=292864
2026-02-10 23:46:14.981 [DBG] [EegAcquisition.Services.Simulator.EegSimulatorService] Simulator sent packet: 256 samples, total=293120
2026-02-10 23:46:15.978 [DBG] [EegAcquisition.Services.Simulator.EegSimulatorService] Simulator sent packet: 256 samples, total=293376
2026-02-10 23:46:16.974 [DBG] [EegAcquisition.Services.Simulator.EegSimulatorService] Simulator sent packet: 256 samples, total=293632
2026-02-10 23:46:17.978 [DBG] [EegAcquisition.Services.Simulator.EegSimulatorService] Simulator sent packet: 256 samples, total=293888
2026-02-10 23:46:18.981 [DBG] [EegAcquisition.Services.Simulator.EegSimulatorService] Simulator sent packet: 256 samples, total=294144
2026-02-10 23:46:19.977 [DBG] [EegAcquisition.Services.Simulator.EegSimulatorService] Simulator sent packet: 256 samples, total=294400
2026-02-10 23:46:20.981 [DBG] [EegAcquisition.Services.Simulator.EegSimulatorService] Simulator sent packet: 256 samples, total=294656
2026-02-10 23:46:21.984 [DBG] [EegAcquisition.Services.Simulator.EegSimulatorService] Simulator sent packet: 256 samples, total=294912
2026-02-10 23:46:22.987 [DBG] [EegAcquisition.Services.Simulator.EegSimulatorService] Simulator sent packet: 256 samples, total=295168
2026-02-10 23:46:23.973 [DBG] [EegAcquisition.Services.Simulator.EegSimulatorService] Simulator sent packet: 256 samples, total=295424
2026-02-10 23:46:24.973 [DBG] [EegAcquisition.Services.Simulator.EegSimulatorService] Simulator sent packet: 256 samples, total=295680
2026-02-10 23:46:25.977 [DBG] [EegAcquisition.Services.Simulator.EegSimulatorService] Simulator sent packet: 256 samples, total=295936
2026-02-10 23:46:26.976 [DBG] [EegAcquisition.Services.Simulator.EegSimulatorService] Simulator sent packet: 256 samples, total=296192
2026-02-10 23:46:27.976 [DBG] [EegAcquisition.Services.Simulator.EegSimulatorService] Simulator sent packet: 256 samples, total=296448
2026-02-10 23:46:28.978 [DBG] [EegAcquisition.Services.Simulator.EegSimulatorService] Simulator sent packet: 256 samples, total=296704
2026-02-10 23:46:29.983 [DBG] [EegAcquisition.Services.Simulator.EegSimulatorService] Simulator sent packet: 256 samples, total=296960
2026-02-10 23:46:30.983 [DBG] [EegAcquisition.Services.Simulator.EegSimulatorService] Simulator sent packet: 256 samples, total=297216
2026-02-10 23:46:31.986 [DBG] [EegAcquisition.Services.Simulator.EegSimulatorService] Simulator sent packet: 256 samples, total=297472
2026-02-10 23:46:32.979 [DBG] [EegAcquisition.Services.Simulator.EegSimulatorService] Simulator sent packet: 256 samples, total=297728
2026-02-10 23:46:33.973 [DBG] [EegAcquisition.Services.Simulator.EegSimulatorService] Simulator sent packet: 256 samples, total=297984
2026-02-10 23:46:34.987 [DBG] [EegAcquisition.Services.Simulator.EegSimulatorService] Simulator sent packet: 256 samples, total=298240
2026-02-10 23:46:35.980 [DBG] [EegAcquisition.Services.Simulator.EegSimulatorService] Simulator sent packet: 256 samples, total=298496
2026-02-10 23:46:36.981 [DBG] [EegAcquisition.Services.Simulator.EegSimulatorService] Simulator sent packet: 256 samples, total=298752
2026-02-10 23:46:37.978 [DBG] [EegAcquisition.Services.Simulator.EegSimulatorService] Simulator sent packet: 256 samples, total=299008
2026-02-10 23:46:38.972 [DBG] [EegAcquisition.Services.Simulator.EegSimulatorService] Simulator sent packet: 256 samples, total=299264
2026-02-10 23:46:39.989 [DBG] [EegAcquisition.Services.Simulator.EegSimulatorService] Simulator sent packet: 256 samples, total=299520
2026-02-10 23:46:40.987 [DBG] [EegAcquisition.Services.Simulator.EegSimulatorService] Simulator sent packet: 256 samples, total=299776
2026-02-10 23:46:41.975 [DBG] [EegAcquisition.Services.Simulator.EegSimulatorService] Simulator sent packet: 256 samples, total=300032
2026-02-10 23:46:42.973 [DBG] [EegAcquisition.Services.Simulator.EegSimulatorService] Simulator sent packet: 256 samples, total=300288
2026-02-10 23:46:43.987 [DBG] [EegAcquisition.Services.Simulator.EegSimulatorService] Simulator sent packet: 256 samples, total=300544
2026-02-10 23:46:44.978 [DBG] [EegAcquisition.Services.Simulator.EegSimulatorService] Simulator sent packet: 256 samples, total=300800
2026-02-10 23:46:45.978 [DBG] [EegAcquisition.Services.Simulator.EegSimulatorService] Simulator sent packet: 256 samples, total=301056
2026-02-10 23:46:46.977 [DBG] [EegAcquisition.Services.Simulator.EegSimulatorService] Simulator sent packet: 256 samples, total=301312
2026-02-10 23:46:47.981 [DBG] [EegAcquisition.Services.Simulator.EegSimulatorService] Simulator sent packet: 256 samples, total=301568
2026-02-10 23:46:48.988 [DBG] [EegAcquisition.Services.Simulator.EegSimulatorService] Simulator sent packet: 256 samples, total=301824
2026-02-10 23:46:49.978 [DBG] [EegAcquisition.Services.Simulator.EegSimulatorService] Simulator sent packet: 256 samples, total=302080
2026-02-10 23:46:50.979 [DBG] [EegAcquisition.Services.Simulator.EegSimulatorService] Simulator sent packet: 256 samples, total=302336
2026-02-10 23:46:51.977 [DBG] [EegAcquisition.Services.Simulator.EegSimulatorService] Simulator sent packet: 256 samples, total=302592
2026-02-10 23:46:52.988 [DBG] [EegAcquisition.Services.Simulator.EegSimulatorService] Simulator sent packet: 256 samples, total=302848
2026-02-10 23:46:53.975 [DBG] [EegAcquisition.Services.Simulator.EegSimulatorService] Simulator sent packet: 256 samples, total=303104
2026-02-10 23:46:54.977 [DBG] [EegAcquisition.Services.Simulator.EegSimulatorService] Simulator sent packet: 256 samples, total=303360
2026-02-10 23:46:55.984 [DBG] [EegAcquisition.Services.Simulator.EegSimulatorService] Simulator sent packet: 256 samples, total=303616
2026-02-10 23:46:56.980 [DBG] [EegAcquisition.Services.Simulator.EegSimulatorService] Simulator sent packet: 256 samples, total=303872
2026-02-10 23:46:57.984 [DBG] [EegAcquisition.Services.Simulator.EegSimulatorService] Simulator sent packet: 256 samples, total=304128
2026-02-10 23:46:58.987 [DBG] [EegAcquisition.Services.Simulator.EegSimulatorService] Simulator sent packet: 256 samples, total=304384
2026-02-10 23:46:59.989 [DBG] [EegAcquisition.Services.Simulator.EegSimulatorService] Simulator sent packet: 256 samples, total=304640
2026-02-10 23:47:00.979 [DBG] [EegAcquisition.Services.Simulator.EegSimulatorService] Simulator sent packet: 256 samples, total=304896
2026-02-10 23:47:01.973 [DBG] [EegAcquisition.Services.Simulator.EegSimulatorService] Simulator sent packet: 256 samples, total=305152
2026-02-10 23:47:02.975 [DBG] [EegAcquisition.Services.Simulator.EegSimulatorService] Simulator sent packet: 256 samples, total=305408
2026-02-10 23:47:03.975 [DBG] [EegAcquisition.Services.Simulator.EegSimulatorService] Simulator sent packet: 256 samples, total=305664
2026-02-10 23:47:04.978 [DBG] [EegAcquisition.Services.Simulator.EegSimulatorService] Simulator sent packet: 256 samples, total=305920
2026-02-10 23:47:05.982 [DBG] [EegAcquisition.Services.Simulator.EegSimulatorService] Simulator sent packet: 256 samples, total=306176
2026-02-10 23:47:06.983 [DBG] [EegAcquisition.Services.Simulator.EegSimulatorService] Simulator sent packet: 256 samples, total=306432
2026-02-10 23:47:07.986 [DBG] [EegAcquisition.Services.Simulator.EegSimulatorService] Simulator sent packet: 256 samples, total=306688
2026-02-10 23:47:08.989 [DBG] [EegAcquisition.Services.Simulator.EegSimulatorService] Simulator sent packet: 256 samples, total=306944
2026-02-10 23:47:09.978 [DBG] [EegAcquisition.Services.Simulator.EegSimulatorService] Simulator sent packet: 256 samples, total=307200
2026-02-10 23:47:10.979 [DBG] [EegAcquisition.Services.Simulator.EegSimulatorService] Simulator sent packet: 256 samples, total=307456
2026-02-10 23:47:11.978 [DBG] [EegAcquisition.Services.Simulator.EegSimulatorService] Simulator sent packet: 256 samples, total=307712
2026-02-10 23:47:12.979 [DBG] [EegAcquisition.Services.Simulator.EegSimulatorService] Simulator sent packet: 256 samples, total=307968
2026-02-10 23:47:13.978 [DBG] [EegAcquisition.Services.Simulator.EegSimulatorService] Simulator sent packet: 256 samples, total=308224
2026-02-10 23:47:14.982 [DBG] [EegAcquisition.Services.Simulator.EegSimulatorService] Simulator sent packet: 256 samples, total=308480
2026-02-10 23:47:15.985 [DBG] [EegAcquisition.Services.Simulator.EegSimulatorService] Simulator sent packet: 256 samples, total=308736
2026-02-10 23:47:16.989 [DBG] [EegAcquisition.Services.Simulator.EegSimulatorService] Simulator sent packet: 256 samples, total=308992
2026-02-10 23:47:17.986 [DBG] [EegAcquisition.Services.Simulator.EegSimulatorService] Simulator sent packet: 256 samples, total=309248
2026-02-10 23:47:18.983 [DBG] [EegAcquisition.Services.Simulator.EegSimulatorService] Simulator sent packet: 256 samples, total=309504
2026-02-10 23:47:19.982 [DBG] [EegAcquisition.Services.Simulator.EegSimulatorService] Simulator sent packet: 256 samples, total=309760
2026-02-10 23:47:20.983 [DBG] [EegAcquisition.Services.Simulator.EegSimulatorService] Simulator sent packet: 256 samples, total=310016
2026-02-10 23:47:21.986 [DBG] [EegAcquisition.Services.Simulator.EegSimulatorService] Simulator sent packet: 256 samples, total=310272
2026-02-10 23:47:22.982 [DBG] [EegAcquisition.Services.Simulator.EegSimulatorService] Simulator sent packet: 256 samples, total=310528
2026-02-10 23:47:23.983 [DBG] [EegAcquisition.Services.Simulator.EegSimulatorService] Simulator sent packet: 256 samples, total=310784
2026-02-10 23:47:24.984 [DBG] [EegAcquisition.Services.Simulator.EegSimulatorService] Simulator sent packet: 256 samples, total=311040
2026-02-10 23:47:25.995 [DBG] [EegAcquisition.Services.Simulator.EegSimulatorService] Simulator sent packet: 256 samples, total=311296
2026-02-10 23:47:26.982 [DBG] [EegAcquisition.Services.Simulator.EegSimulatorService] Simulator sent packet: 256 samples, total=311552
2026-02-10 23:47:27.983 [DBG] [EegAcquisition.Services.Simulator.EegSimulatorService] Simulator sent packet: 256 samples, total=311808
2026-02-10 23:47:28.985 [DBG] [EegAcquisition.Services.Simulator.EegSimulatorService] Simulator sent packet: 256 samples, total=312064
2026-02-10 23:47:29.988 [DBG] [EegAcquisition.Services.Simulator.EegSimulatorService] Simulator sent packet: 256 samples, total=312320
2026-02-10 23:47:30.986 [DBG] [EegAcquisition.Services.Simulator.EegSimulatorService] Simulator sent packet: 256 samples, total=312576
2026-02-10 23:47:31.984 [DBG] [EegAcquisition.Services.Simulator.EegSimulatorService] Simulator sent packet: 256 samples, total=312832
2026-02-10 23:47:32.986 [DBG] [EegAcquisition.Services.Simulator.EegSimulatorService] Simulator sent packet: 256 samples, total=313088
2026-02-10 23:47:33.987 [DBG] [EegAcquisition.Services.Simulator.EegSimulatorService] Simulator sent packet: 256 samples, total=313344
2026-02-10 23:47:34.990 [DBG] [EegAcquisition.Services.Simulator.EegSimulatorService] Simulator sent packet: 256 samples, total=313600
2026-02-10 23:47:35.974 [DBG] [EegAcquisition.Services.Simulator.EegSimulatorService] Simulator sent packet: 256 samples, total=313856
2026-02-10 23:47:36.987 [DBG] [EegAcquisition.Services.Simulator.EegSimulatorService] Simulator sent packet: 256 samples, total=314112
2026-02-10 23:47:37.976 [DBG] [EegAcquisition.Services.Simulator.EegSimulatorService] Simulator sent packet: 256 samples, total=314368
2026-02-10 23:47:38.976 [DBG] [EegAcquisition.Services.Simulator.EegSimulatorService] Simulator sent packet: 256 samples, total=314624
2026-02-10 23:47:39.982 [DBG] [EegAcquisition.Services.Simulator.EegSimulatorService] Simulator sent packet: 256 samples, total=314880
2026-02-10 23:47:40.979 [DBG] [EegAcquisition.Services.Simulator.EegSimulatorService] Simulator sent packet: 256 samples, total=315136
2026-02-10 23:47:41.981 [DBG] [EegAcquisition.Services.Simulator.EegSimulatorService] Simulator sent packet: 256 samples, total=315392
2026-02-10 23:47:42.982 [DBG] [EegAcquisition.Services.Simulator.EegSimulatorService] Simulator sent packet: 256 samples, total=315648
2026-02-10 23:47:43.989 [DBG] [EegAcquisition.Services.Simulator.EegSimulatorService] Simulator sent packet: 256 samples, total=315904
2026-02-10 23:47:44.993 [DBG] [EegAcquisition.Services.Simulator.EegSimulatorService] Simulator sent packet: 256 samples, total=316160
2026-02-10 23:47:45.991 [DBG] [EegAcquisition.Services.Simulator.EegSimulatorService] Simulator sent packet: 256 samples, total=316416
2026-02-10 23:47:46.977 [DBG] [EegAcquisition.Services.Simulator.EegSimulatorService] Simulator sent packet: 256 samples, total=316672
2026-02-10 23:47:47.976 [DBG] [EegAcquisition.Services.Simulator.EegSimulatorService] Simulator sent packet: 256 samples, total=316928
2026-02-10 23:47:48.977 [DBG] [EegAcquisition.Services.Simulator.EegSimulatorService] Simulator sent packet: 256 samples, total=317184
2026-02-10 23:47:49.978 [DBG] [EegAcquisition.Services.Simulator.EegSimulatorService] Simulator sent packet: 256 samples, total=317440
2026-02-10 23:47:50.988 [DBG] [EegAcquisition.Services.Simulator.EegSimulatorService] Simulator sent packet: 256 samples, total=317696
2026-02-10 23:47:51.984 [DBG] [EegAcquisition.Services.Simulator.EegSimulatorService] Simulator sent packet: 256 samples, total=317952
2026-02-10 23:47:52.987 [DBG] [EegAcquisition.Services.Simulator.EegSimulatorService] Simulator sent packet: 256 samples, total=318208
2026-02-10 23:47:53.987 [DBG] [EegAcquisition.Services.Simulator.EegSimulatorService] Simulator sent packet: 256 samples, total=318464
2026-02-10 23:47:54.976 [DBG] [EegAcquisition.Services.Simulator.EegSimulatorService] Simulator sent packet: 256 samples, total=318720
2026-02-10 23:47:55.988 [DBG] [EegAcquisition.Services.Simulator.EegSimulatorService] Simulator sent packet: 256 samples, total=318976
2026-02-10 23:47:56.978 [DBG] [EegAcquisition.Services.Simulator.EegSimulatorService] Simulator sent packet: 256 samples, total=319232
2026-02-10 23:47:57.976 [DBG] [EegAcquisition.Services.Simulator.EegSimulatorService] Simulator sent packet: 256 samples, total=319488
2026-02-10 23:47:58.984 [DBG] [EegAcquisition.Services.Simulator.EegSimulatorService] Simulator sent packet: 256 samples, total=319744
2026-02-10 23:47:59.982 [DBG] [EegAcquisition.Services.Simulator.EegSimulatorService] Simulator sent packet: 256 samples, total=320000
2026-02-10 23:48:00.986 [DBG] [EegAcquisition.Services.Simulator.EegSimulatorService] Simulator sent packet: 256 samples, total=320256
2026-02-10 23:48:01.987 [DBG] [EegAcquisition.Services.Simulator.EegSimulatorService] Simulator sent packet: 256 samples, total=320512
2026-02-10 23:48:02.984 [DBG] [EegAcquisition.Services.Simulator.EegSimulatorService] Simulator sent packet: 256 samples, total=320768
2026-02-10 23:48:03.973 [DBG] [EegAcquisition.Services.Simulator.EegSimulatorService] Simulator sent packet: 256 samples, total=321024
2026-02-10 23:48:04.974 [DBG] [EegAcquisition.Services.Simulator.EegSimulatorService] Simulator sent packet: 256 samples, total=321280
2026-02-10 23:48:05.978 [DBG] [EegAcquisition.Services.Simulator.EegSimulatorService] Simulator sent packet: 256 samples, total=321536
2026-02-10 23:48:06.982 [DBG] [EegAcquisition.Services.Simulator.EegSimulatorService] Simulator sent packet: 256 samples, total=321792
2026-02-10 23:48:07.983 [DBG] [EegAcquisition.Services.Simulator.EegSimulatorService] Simulator sent packet: 256 samples, total=322048
2026-02-10 23:48:08.985 [DBG] [EegAcquisition.Services.Simulator.EegSimulatorService] Simulator sent packet: 256 samples, total=322304
2026-02-10 23:48:09.985 [DBG] [EegAcquisition.Services.Simulator.EegSimulatorService] Simulator sent packet: 256 samples, total=322560
2026-02-10 23:48:10.985 [DBG] [EegAcquisition.Services.Simulator.EegSimulatorService] Simulator sent packet: 256 samples, total=322816
2026-02-10 23:48:11.987 [DBG] [EegAcquisition.Services.Simulator.EegSimulatorService] Simulator sent packet: 256 samples, total=323072
2026-02-10 23:48:12.984 [DBG] [EegAcquisition.Services.Simulator.EegSimulatorService] Simulator sent packet: 256 samples, total=323328
2026-02-10 23:48:13.980 [DBG] [EegAcquisition.Services.Simulator.EegSimulatorService] Simulator sent packet: 256 samples, total=323584
2026-02-10 23:48:14.985 [DBG] [EegAcquisition.Services.Simulator.EegSimulatorService] Simulator sent packet: 256 samples, total=323840
2026-02-10 23:48:15.982 [DBG] [EegAcquisition.Services.Simulator.EegSimulatorService] Simulator sent packet: 256 samples, total=324096
2026-02-10 23:48:16.982 [DBG] [EegAcquisition.Services.Simulator.EegSimulatorService] Simulator sent packet: 256 samples, total=324352
2026-02-10 23:48:17.981 [DBG] [EegAcquisition.Services.Simulator.EegSimulatorService] Simulator sent packet: 256 samples, total=324608
2026-02-10 23:48:18.988 [DBG] [EegAcquisition.Services.Simulator.EegSimulatorService] Simulator sent packet: 256 samples, total=324864
2026-02-10 23:48:19.983 [DBG] [EegAcquisition.Services.Simulator.EegSimulatorService] Simulator sent packet: 256 samples, total=325120
2026-02-10 23:48:20.983 [DBG] [EegAcquisition.Services.Simulator.EegSimulatorService] Simulator sent packet: 256 samples, total=325376
2026-02-10 23:48:21.975 [DBG] [EegAcquisition.Services.Simulator.EegSimulatorService] Simulator sent packet: 256 samples, total=325632
2026-02-10 23:48:22.973 [DBG] [EegAcquisition.Services.Simulator.EegSimulatorService] Simulator sent packet: 256 samples, total=325888
2026-02-10 23:48:23.974 [DBG] [EegAcquisition.Services.Simulator.EegSimulatorService] Simulator sent packet: 256 samples, total=326144
2026-02-10 23:48:24.978 [DBG] [EegAcquisition.Services.Simulator.EegSimulatorService] Simulator sent packet: 256 samples, total=326400
2026-02-10 23:48:25.979 [DBG] [EegAcquisition.Services.Simulator.EegSimulatorService] Simulator sent packet: 256 samples, total=326656
2026-02-10 23:48:26.982 [DBG] [EegAcquisition.Services.Simulator.EegSimulatorService] Simulator sent packet: 256 samples, total=326912
2026-02-10 23:48:27.991 [DBG] [EegAcquisition.Services.Simulator.EegSimulatorService] Simulator sent packet: 256 samples, total=327168
2026-02-10 23:48:28.989 [DBG] [EegAcquisition.Services.Simulator.EegSimulatorService] Simulator sent packet: 256 samples, total=327424
2026-02-10 23:48:29.986 [DBG] [EegAcquisition.Services.Simulator.EegSimulatorService] Simulator sent packet: 256 samples, total=327680
2026-02-10 23:48:30.985 [DBG] [EegAcquisition.Services.Simulator.EegSimulatorService] Simulator sent packet: 256 samples, total=327936
2026-02-10 23:48:31.973 [DBG] [EegAcquisition.Services.Simulator.EegSimulatorService] Simulator sent packet: 256 samples, total=328192
2026-02-10 23:48:32.975 [DBG] [EegAcquisition.Services.Simulator.EegSimulatorService] Simulator sent packet: 256 samples, total=328448
2026-02-10 23:48:33.978 [DBG] [EegAcquisition.Services.Simulator.EegSimulatorService] Simulator sent packet: 256 samples, total=328704
2026-02-10 23:48:34.978 [DBG] [EegAcquisition.Services.Simulator.EegSimulatorService] Simulator sent packet: 256 samples, total=328960
2026-02-10 23:48:35.984 [DBG] [EegAcquisition.Services.Simulator.EegSimulatorService] Simulator sent packet: 256 samples, total=329216
2026-02-10 23:48:36.983 [DBG] [EegAcquisition.Services.Simulator.EegSimulatorService] Simulator sent packet: 256 samples, total=329472
2026-02-10 23:48:37.975 [DBG] [EegAcquisition.Services.Simulator.EegSimulatorService] Simulator sent packet: 256 samples, total=329728
2026-02-10 23:48:38.982 [DBG] [EegAcquisition.Services.Simulator.EegSimulatorService] Simulator sent packet: 256 samples, total=329984
2026-02-10 23:48:39.986 [DBG] [EegAcquisition.Services.Simulator.EegSimulatorService] Simulator sent packet: 256 samples, total=330240
2026-02-10 23:48:40.987 [DBG] [EegAcquisition.Services.Simulator.EegSimulatorService] Simulator sent packet: 256 samples, total=330496
2026-02-10 23:48:41.987 [DBG] [EegAcquisition.Services.Simulator.EegSimulatorService] Simulator sent packet: 256 samples, total=330752
2026-02-10 23:48:42.975 [DBG] [EegAcquisition.Services.Simulator.EegSimulatorService] Simulator sent packet: 256 samples, total=331008
2026-02-10 23:48:43.980 [DBG] [EegAcquisition.Services.Simulator.EegSimulatorService] Simulator sent packet: 256 samples, total=331264
2026-02-10 23:48:44.981 [DBG] [EegAcquisition.Services.Simulator.EegSimulatorService] Simulator sent packet: 256 samples, total=331520
2026-02-10 23:48:45.985 [DBG] [EegAcquisition.Services.Simulator.EegSimulatorService] Simulator sent packet: 256 samples, total=331776
2026-02-10 23:48:46.976 [DBG] [EegAcquisition.Services.Simulator.EegSimulatorService] Simulator sent packet: 256 samples, total=332032
2026-02-10 23:48:47.976 [DBG] [EegAcquisition.Services.Simulator.EegSimulatorService] Simulator sent packet: 256 samples, total=332288
2026-02-10 23:48:48.979 [DBG] [EegAcquisition.Services.Simulator.EegSimulatorService] Simulator sent packet: 256 samples, total=332544
2026-02-10 23:48:49.979 [DBG] [EegAcquisition.Services.Simulator.EegSimulatorService] Simulator sent packet: 256 samples, total=332800
2026-02-10 23:48:50.978 [DBG] [EegAcquisition.Services.Simulator.EegSimulatorService] Simulator sent packet: 256 samples, total=333056
2026-02-10 23:48:51.979 [DBG] [EegAcquisition.Services.Simulator.EegSimulatorService] Simulator sent packet: 256 samples, total=333312
2026-02-10 23:48:52.981 [DBG] [EegAcquisition.Services.Simulator.EegSimulatorService] Simulator sent packet: 256 samples, total=333568
2026-02-10 23:48:53.983 [DBG] [EegAcquisition.Services.Simulator.EegSimulatorService] Simulator sent packet: 256 samples, total=333824
2026-02-10 23:48:54.985 [DBG] [EegAcquisition.Services.Simulator.EegSimulatorService] Simulator sent packet: 256 samples, total=334080
2026-02-10 23:48:55.980 [DBG] [EegAcquisition.Services.Simulator.EegSimulatorService] Simulator sent packet: 256 samples, total=334336
2026-02-10 23:48:56.980 [DBG] [EegAcquisition.Services.Simulator.EegSimulatorService] Simulator sent packet: 256 samples, total=334592
2026-02-10 23:48:57.981 [DBG] [EegAcquisition.Services.Simulator.EegSimulatorService] Simulator sent packet: 256 samples, total=334848
2026-02-10 23:48:58.981 [DBG] [EegAcquisition.Services.Simulator.EegSimulatorService] Simulator sent packet: 256 samples, total=335104
2026-02-10 23:49:00.037 [DBG] [EegAcquisition.Services.Simulator.EegSimulatorService] Simulator sent packet: 256 samples, total=335360
2026-02-10 23:49:00.991 [DBG] [EegAcquisition.Services.Simulator.EegSimulatorService] Simulator sent packet: 256 samples, total=335616
2026-02-10 23:49:01.985 [DBG] [EegAcquisition.Services.Simulator.EegSimulatorService] Simulator sent packet: 256 samples, total=335872
2026-02-10 23:49:02.982 [DBG] [EegAcquisition.Services.Simulator.EegSimulatorService] Simulator sent packet: 256 samples, total=336128
2026-02-10 23:49:03.979 [DBG] [EegAcquisition.Services.Simulator.EegSimulatorService] Simulator sent packet: 256 samples, total=336384
2026-02-10 23:49:04.990 [DBG] [EegAcquisition.Services.Simulator.EegSimulatorService] Simulator sent packet: 256 samples, total=336640
2026-02-10 23:49:05.983 [DBG] [EegAcquisition.Services.Simulator.EegSimulatorService] Simulator sent packet: 256 samples, total=336896
2026-02-10 23:49:06.982 [DBG] [EegAcquisition.Services.Simulator.EegSimulatorService] Simulator sent packet: 256 samples, total=337152
2026-02-10 23:49:07.983 [DBG] [EegAcquisition.Services.Simulator.EegSimulatorService] Simulator sent packet: 256 samples, total=337408
2026-02-10 23:49:08.974 [DBG] [EegAcquisition.Services.Simulator.EegSimulatorService] Simulator sent packet: 256 samples, total=337664
2026-02-10 23:49:09.983 [DBG] [EegAcquisition.Services.Simulator.EegSimulatorService] Simulator sent packet: 256 samples, total=337920
2026-02-10 23:49:10.985 [DBG] [EegAcquisition.Services.Simulator.EegSimulatorService] Simulator sent packet: 256 samples, total=338176
2026-02-10 23:49:11.988 [DBG] [EegAcquisition.Services.Simulator.EegSimulatorService] Simulator sent packet: 256 samples, total=338432
2026-02-10 23:49:12.983 [DBG] [EegAcquisition.Services.Simulator.EegSimulatorService] Simulator sent packet: 256 samples, total=338688
2026-02-10 23:49:13.982 [DBG] [EegAcquisition.Services.Simulator.EegSimulatorService] Simulator sent packet: 256 samples, total=338944
2026-02-10 23:49:14.985 [DBG] [EegAcquisition.Services.Simulator.EegSimulatorService] Simulator sent packet: 256 samples, total=339200
2026-02-10 23:49:15.985 [DBG] [EegAcquisition.Services.Simulator.EegSimulatorService] Simulator sent packet: 256 samples, total=339456
2026-02-10 23:49:16.983 [DBG] [EegAcquisition.Services.Simulator.EegSimulatorService] Simulator sent packet: 256 samples, total=339712
2026-02-10 23:49:17.975 [DBG] [EegAcquisition.Services.Simulator.EegSimulatorService] Simulator sent packet: 256 samples, total=339968
2026-02-10 23:49:18.980 [DBG] [EegAcquisition.Services.Simulator.EegSimulatorService] Simulator sent packet: 256 samples, total=340224
2026-02-10 23:49:19.980 [DBG] [EegAcquisition.Services.Simulator.EegSimulatorService] Simulator sent packet: 256 samples, total=340480
2026-02-10 23:49:20.986 [DBG] [EegAcquisition.Services.Simulator.EegSimulatorService] Simulator sent packet: 256 samples, total=340736
2026-02-10 23:49:21.984 [DBG] [EegAcquisition.Services.Simulator.EegSimulatorService] Simulator sent packet: 256 samples, total=340992
2026-02-10 23:49:22.995 [DBG] [EegAcquisition.Services.Simulator.EegSimulatorService] Simulator sent packet: 256 samples, total=341248
2026-02-10 23:49:23.985 [DBG] [EegAcquisition.Services.Simulator.EegSimulatorService] Simulator sent packet: 256 samples, total=341504
2026-02-10 23:49:24.987 [DBG] [EegAcquisition.Services.Simulator.EegSimulatorService] Simulator sent packet: 256 samples, total=341760
2026-02-10 23:49:25.972 [DBG] [EegAcquisition.Services.Simulator.EegSimulatorService] Simulator sent packet: 256 samples, total=342016
2026-02-10 23:49:26.975 [DBG] [EegAcquisition.Services.Simulator.EegSimulatorService] Simulator sent packet: 256 samples, total=342272
2026-02-10 23:49:27.984 [DBG] [EegAcquisition.Services.Simulator.EegSimulatorService] Simulator sent packet: 256 samples, total=342528
2026-02-10 23:49:28.980 [DBG] [EegAcquisition.Services.Simulator.EegSimulatorService] Simulator sent packet: 256 samples, total=342784
2026-02-10 23:49:29.983 [DBG] [EegAcquisition.Services.Simulator.EegSimulatorService] Simulator sent packet: 256 samples, total=343040
2026-02-10 23:49:30.988 [DBG] [EegAcquisition.Services.Simulator.EegSimulatorService] Simulator sent packet: 256 samples, total=343296
2026-02-10 23:49:31.989 [DBG] [EegAcquisition.Services.Simulator.EegSimulatorService] Simulator sent packet: 256 samples, total=343552
2026-02-10 23:49:32.973 [DBG] [EegAcquisition.Services.Simulator.EegSimulatorService] Simulator sent packet: 256 samples, total=343808
2026-02-10 23:49:33.973 [DBG] [EegAcquisition.Services.Simulator.EegSimulatorService] Simulator sent packet: 256 samples, total=344064
2026-02-10 23:49:34.975 [DBG] [EegAcquisition.Services.Simulator.EegSimulatorService] Simulator sent packet: 256 samples, total=344320
2026-02-10 23:49:35.980 [DBG] [EegAcquisition.Services.Simulator.EegSimulatorService] Simulator sent packet: 256 samples, total=344576
2026-02-10 23:49:36.981 [DBG] [EegAcquisition.Services.Simulator.EegSimulatorService] Simulator sent packet: 256 samples, total=344832
2026-02-10 23:49:37.981 [DBG] [EegAcquisition.Services.Simulator.EegSimulatorService] Simulator sent packet: 256 samples, total=345088
2026-02-10 23:49:38.983 [DBG] [EegAcquisition.Services.Simulator.EegSimulatorService] Simulator sent packet: 256 samples, total=345344
2026-02-10 23:49:39.983 [DBG] [EegAcquisition.Services.Simulator.EegSimulatorService] Simulator sent packet: 256 samples, total=345600
2026-02-10 23:49:40.988 [DBG] [EegAcquisition.Services.Simulator.EegSimulatorService] Simulator sent packet: 256 samples, total=345856
2026-02-10 23:49:41.975 [DBG] [EegAcquisition.Services.Simulator.EegSimulatorService] Simulator sent packet: 256 samples, total=346112
2026-02-10 23:49:42.973 [DBG] [EegAcquisition.Services.Simulator.EegSimulatorService] Simulator sent packet: 256 samples, total=346368
2026-02-10 23:49:43.988 [DBG] [EegAcquisition.Services.Simulator.EegSimulatorService] Simulator sent packet: 256 samples, total=346624
2026-02-10 23:49:44.984 [DBG] [EegAcquisition.Services.Simulator.EegSimulatorService] Simulator sent packet: 256 samples, total=346880
2026-02-10 23:49:45.981 [DBG] [EegAcquisition.Services.Simulator.EegSimulatorService] Simulator sent packet: 256 samples, total=347136
2026-02-10 23:49:46.988 [DBG] [EegAcquisition.Services.Simulator.EegSimulatorService] Simulator sent packet: 256 samples, total=347392
2026-02-10 23:49:47.983 [DBG] [EegAcquisition.Services.Simulator.EegSimulatorService] Simulator sent packet: 256 samples, total=347648
2026-02-10 23:49:48.985 [DBG] [EegAcquisition.Services.Simulator.EegSimulatorService] Simulator sent packet: 256 samples, total=347904
2026-02-10 23:49:49.985 [DBG] [EegAcquisition.Services.Simulator.EegSimulatorService] Simulator sent packet: 256 samples, total=348160
2026-02-10 23:49:50.973 [DBG] [EegAcquisition.Services.Simulator.EegSimulatorService] Simulator sent packet: 256 samples, total=348416
2026-02-10 23:49:51.980 [DBG] [EegAcquisition.Services.Simulator.EegSimulatorService] Simulator sent packet: 256 samples, total=348672
2026-02-10 23:49:52.975 [DBG] [EegAcquisition.Services.Simulator.EegSimulatorService] Simulator sent packet: 256 samples, total=348928
2026-02-10 23:49:53.976 [DBG] [EegAcquisition.Services.Simulator.EegSimulatorService] Simulator sent packet: 256 samples, total=349184
2026-02-10 23:49:54.983 [DBG] [EegAcquisition.Services.Simulator.EegSimulatorService] Simulator sent packet: 256 samples, total=349440
2026-02-10 23:49:55.991 [DBG] [EegAcquisition.Services.Simulator.EegSimulatorService] Simulator sent packet: 256 samples, total=349696
2026-02-10 23:49:56.982 [DBG] [EegAcquisition.Services.Simulator.EegSimulatorService] Simulator sent packet: 256 samples, total=349952
2026-02-10 23:49:57.985 [DBG] [EegAcquisition.Services.Simulator.EegSimulatorService] Simulator sent packet: 256 samples, total=350208
2026-02-10 23:49:58.989 [DBG] [EegAcquisition.Services.Simulator.EegSimulatorService] Simulator sent packet: 256 samples, total=350464
2026-02-10 23:49:59.984 [DBG] [EegAcquisition.Services.Simulator.EegSimulatorService] Simulator sent packet: 256 samples, total=350720
2026-02-10 23:50:00.988 [DBG] [EegAcquisition.Services.Simulator.EegSimulatorService] Simulator sent packet: 256 samples, total=350976
2026-02-10 23:50:01.973 [DBG] [EegAcquisition.Services.Simulator.EegSimulatorService] Simulator sent packet: 256 samples, total=351232
2026-02-10 23:50:02.975 [DBG] [EegAcquisition.Services.Simulator.EegSimulatorService] Simulator sent packet: 256 samples, total=351488
2026-02-10 23:50:03.983 [DBG] [EegAcquisition.Services.Simulator.EegSimulatorService] Simulator sent packet: 256 samples, total=351744
2026-02-10 23:50:04.985 [DBG] [EegAcquisition.Services.Simulator.EegSimulatorService] Simulator sent packet: 256 samples, total=352000
2026-02-10 23:50:05.981 [DBG] [EegAcquisition.Services.Simulator.EegSimulatorService] Simulator sent packet: 256 samples, total=352256
2026-02-10 23:50:06.984 [DBG] [EegAcquisition.Services.Simulator.EegSimulatorService] Simulator sent packet: 256 samples, total=352512
2026-02-10 23:50:07.985 [DBG] [EegAcquisition.Services.Simulator.EegSimulatorService] Simulator sent packet: 256 samples, total=352768
2026-02-10 23:50:08.985 [DBG] [EegAcquisition.Services.Simulator.EegSimulatorService] Simulator sent packet: 256 samples, total=353024
2026-02-10 23:50:09.989 [DBG] [EegAcquisition.Services.Simulator.EegSimulatorService] Simulator sent packet: 256 samples, total=353280
2026-02-10 23:50:10.976 [DBG] [EegAcquisition.Services.Simulator.EegSimulatorService] Simulator sent packet: 256 samples, total=353536
2026-02-10 23:50:11.973 [DBG] [EegAcquisition.Services.Simulator.EegSimulatorService] Simulator sent packet: 256 samples, total=353792
2026-02-10 23:50:12.979 [DBG] [EegAcquisition.Services.Simulator.EegSimulatorService] Simulator sent packet: 256 samples, total=354048
2026-02-10 23:50:13.989 [DBG] [EegAcquisition.Services.Simulator.EegSimulatorService] Simulator sent packet: 256 samples, total=354304
2026-02-10 23:50:14.981 [DBG] [EegAcquisition.Services.Simulator.EegSimulatorService] Simulator sent packet: 256 samples, total=354560
2026-02-10 23:50:15.981 [DBG] [EegAcquisition.Services.Simulator.EegSimulatorService] Simulator sent packet: 256 samples, total=354816
2026-02-10 23:50:16.974 [DBG] [EegAcquisition.Services.Simulator.EegSimulatorService] Simulator sent packet: 256 samples, total=355072
2026-02-10 23:50:17.974 [DBG] [EegAcquisition.Services.Simulator.EegSimulatorService] Simulator sent packet: 256 samples, total=355328
2026-02-10 23:50:18.974 [DBG] [EegAcquisition.Services.Simulator.EegSimulatorService] Simulator sent packet: 256 samples, total=355584
2026-02-10 23:50:19.973 [DBG] [EegAcquisition.Services.Simulator.EegSimulatorService] Simulator sent packet: 256 samples, total=355840
2026-02-10 23:50:20.981 [DBG] [EegAcquisition.Services.Simulator.EegSimulatorService] Simulator sent packet: 256 samples, total=356096
2026-02-10 23:50:21.977 [DBG] [EegAcquisition.Services.Simulator.EegSimulatorService] Simulator sent packet: 256 samples, total=356352
2026-02-10 23:50:22.983 [DBG] [EegAcquisition.Services.Simulator.EegSimulatorService] Simulator sent packet: 256 samples, total=356608
2026-02-10 23:50:23.977 [DBG] [EegAcquisition.Services.Simulator.EegSimulatorService] Simulator sent packet: 256 samples, total=356864
2026-02-10 23:50:24.976 [DBG] [EegAcquisition.Services.Simulator.EegSimulatorService] Simulator sent packet: 256 samples, total=357120
2026-02-10 23:50:25.975 [DBG] [EegAcquisition.Services.Simulator.EegSimulatorService] Simulator sent packet: 256 samples, total=357376
2026-02-10 23:50:26.977 [DBG] [EegAcquisition.Services.Simulator.EegSimulatorService] Simulator sent packet: 256 samples, total=357632
2026-02-10 23:50:27.978 [DBG] [EegAcquisition.Services.Simulator.EegSimulatorService] Simulator sent packet: 256 samples, total=357888
2026-02-10 23:50:28.983 [DBG] [EegAcquisition.Services.Simulator.EegSimulatorService] Simulator sent packet: 256 samples, total=358144
2026-02-10 23:50:29.977 [DBG] [EegAcquisition.Services.Simulator.EegSimulatorService] Simulator sent packet: 256 samples, total=358400
2026-02-10 23:50:30.985 [DBG] [EegAcquisition.Services.Simulator.EegSimulatorService] Simulator sent packet: 256 samples, total=358656
2026-02-10 23:50:31.975 [DBG] [EegAcquisition.Services.Simulator.EegSimulatorService] Simulator sent packet: 256 samples, total=358912
2026-02-10 23:50:32.981 [DBG] [EegAcquisition.Services.Simulator.EegSimulatorService] Simulator sent packet: 256 samples, total=359168
2026-02-10 23:50:33.979 [DBG] [EegAcquisition.Services.Simulator.EegSimulatorService] Simulator sent packet: 256 samples, total=359424
2026-02-10 23:50:34.985 [DBG] [EegAcquisition.Services.Simulator.EegSimulatorService] Simulator sent packet: 256 samples, total=359680
2026-02-10 23:50:35.982 [DBG] [EegAcquisition.Services.Simulator.EegSimulatorService] Simulator sent packet: 256 samples, total=359936
2026-02-10 23:50:36.981 [DBG] [EegAcquisition.Services.Simulator.EegSimulatorService] Simulator sent packet: 256 samples, total=360192
2026-02-10 23:50:37.974 [DBG] [EegAcquisition.Services.Simulator.EegSimulatorService] Simulator sent packet: 256 samples, total=360448
2026-02-10 23:50:38.977 [DBG] [EegAcquisition.Services.Simulator.EegSimulatorService] Simulator sent packet: 256 samples, total=360704
2026-02-10 23:50:39.978 [DBG] [EegAcquisition.Services.Simulator.EegSimulatorService] Simulator sent packet: 256 samples, total=360960
2026-02-10 23:50:40.979 [DBG] [EegAcquisition.Services.Simulator.EegSimulatorService] Simulator sent packet: 256 samples, total=361216
2026-02-10 23:50:41.976 [DBG] [EegAcquisition.Services.Simulator.EegSimulatorService] Simulator sent packet: 256 samples, total=361472
2026-02-10 23:50:42.979 [DBG] [EegAcquisition.Services.Simulator.EegSimulatorService] Simulator sent packet: 256 samples, total=361728
2026-02-10 23:50:43.982 [DBG] [EegAcquisition.Services.Simulator.EegSimulatorService] Simulator sent packet: 256 samples, total=361984
2026-02-10 23:50:44.984 [DBG] [EegAcquisition.Services.Simulator.EegSimulatorService] Simulator sent packet: 256 samples, total=362240
2026-02-10 23:50:45.989 [DBG] [EegAcquisition.Services.Simulator.EegSimulatorService] Simulator sent packet: 256 samples, total=362496
2026-02-10 23:50:46.974 [DBG] [EegAcquisition.Services.Simulator.EegSimulatorService] Simulator sent packet: 256 samples, total=362752
2026-02-10 23:50:47.979 [DBG] [EegAcquisition.Services.Simulator.EegSimulatorService] Simulator sent packet: 256 samples, total=363008
2026-02-10 23:50:48.980 [DBG] [EegAcquisition.Services.Simulator.EegSimulatorService] Simulator sent packet: 256 samples, total=363264
2026-02-10 23:50:49.983 [DBG] [EegAcquisition.Services.Simulator.EegSimulatorService] Simulator sent packet: 256 samples, total=363520
2026-02-10 23:50:50.980 [DBG] [EegAcquisition.Services.Simulator.EegSimulatorService] Simulator sent packet: 256 samples, total=363776
2026-02-10 23:50:51.986 [DBG] [EegAcquisition.Services.Simulator.EegSimulatorService] Simulator sent packet: 256 samples, total=364032
2026-02-10 23:50:52.990 [DBG] [EegAcquisition.Services.Simulator.EegSimulatorService] Simulator sent packet: 256 samples, total=364288
2026-02-10 23:50:53.973 [DBG] [EegAcquisition.Services.Simulator.EegSimulatorService] Simulator sent packet: 256 samples, total=364544
2026-02-10 23:50:54.988 [DBG] [EegAcquisition.Services.Simulator.EegSimulatorService] Simulator sent packet: 256 samples, total=364800
2026-02-10 23:50:55.974 [DBG] [EegAcquisition.Services.Simulator.EegSimulatorService] Simulator sent packet: 256 samples, total=365056
2026-02-10 23:50:56.975 [DBG] [EegAcquisition.Services.Simulator.EegSimulatorService] Simulator sent packet: 256 samples, total=365312
2026-02-10 23:50:57.980 [DBG] [EegAcquisition.Services.Simulator.EegSimulatorService] Simulator sent packet: 256 samples, total=365568
2026-02-10 23:50:58.978 [DBG] [EegAcquisition.Services.Simulator.EegSimulatorService] Simulator sent packet: 256 samples, total=365824
2026-02-10 23:50:59.981 [DBG] [EegAcquisition.Services.Simulator.EegSimulatorService] Simulator sent packet: 256 samples, total=366080
2026-02-10 23:51:00.982 [DBG] [EegAcquisition.Services.Simulator.EegSimulatorService] Simulator sent packet: 256 samples, total=366336
2026-02-10 23:51:01.984 [DBG] [EegAcquisition.Services.Simulator.EegSimulatorService] Simulator sent packet: 256 samples, total=366592
2026-02-10 23:51:02.988 [DBG] [EegAcquisition.Services.Simulator.EegSimulatorService] Simulator sent packet: 256 samples, total=366848
2026-02-10 23:51:03.987 [DBG] [EegAcquisition.Services.Simulator.EegSimulatorService] Simulator sent packet: 256 samples, total=367104
2026-02-10 23:51:04.973 [DBG] [EegAcquisition.Services.Simulator.EegSimulatorService] Simulator sent packet: 256 samples, total=367360
2026-02-10 23:51:05.975 [DBG] [EegAcquisition.Services.Simulator.EegSimulatorService] Simulator sent packet: 256 samples, total=367616
2026-02-10 23:51:06.979 [DBG] [EegAcquisition.Services.Simulator.EegSimulatorService] Simulator sent packet: 256 samples, total=367872
2026-02-10 23:51:07.979 [DBG] [EegAcquisition.Services.Simulator.EegSimulatorService] Simulator sent packet: 256 samples, total=368128
2026-02-10 23:51:08.990 [DBG] [EegAcquisition.Services.Simulator.EegSimulatorService] Simulator sent packet: 256 samples, total=368384
2026-02-10 23:51:09.981 [DBG] [EegAcquisition.Services.Simulator.EegSimulatorService] Simulator sent packet: 256 samples, total=368640
2026-02-10 23:51:10.986 [DBG] [EegAcquisition.Services.Simulator.EegSimulatorService] Simulator sent packet: 256 samples, total=368896
2026-02-10 23:51:11.979 [DBG] [EegAcquisition.Services.Simulator.EegSimulatorService] Simulator sent packet: 256 samples, total=369152
2026-02-10 23:51:12.975 [DBG] [EegAcquisition.Services.Simulator.EegSimulatorService] Simulator sent packet: 256 samples, total=369408
2026-02-10 23:51:13.975 [DBG] [EegAcquisition.Services.Simulator.EegSimulatorService] Simulator sent packet: 256 samples, total=369664
2026-02-10 23:51:14.975 [DBG] [EegAcquisition.Services.Simulator.EegSimulatorService] Simulator sent packet: 256 samples, total=369920
2026-02-10 23:51:15.979 [DBG] [EegAcquisition.Services.Simulator.EegSimulatorService] Simulator sent packet: 256 samples, total=370176
2026-02-10 23:51:16.973 [DBG] [EegAcquisition.Services.Simulator.EegSimulatorService] Simulator sent packet: 256 samples, total=370432
2026-02-10 23:51:17.979 [DBG] [EegAcquisition.Services.Simulator.EegSimulatorService] Simulator sent packet: 256 samples, total=370688
2026-02-10 23:51:18.984 [DBG] [EegAcquisition.Services.Simulator.EegSimulatorService] Simulator sent packet: 256 samples, total=370944
2026-02-10 23:51:19.985 [DBG] [EegAcquisition.Services.Simulator.EegSimulatorService] Simulator sent packet: 256 samples, total=371200
2026-02-10 23:51:20.986 [DBG] [EegAcquisition.Services.Simulator.EegSimulatorService] Simulator sent packet: 256 samples, total=371456
2026-02-10 23:51:21.988 [DBG] [EegAcquisition.Services.Simulator.EegSimulatorService] Simulator sent packet: 256 samples, total=371712
2026-02-10 23:51:22.974 [DBG] [EegAcquisition.Services.Simulator.EegSimulatorService] Simulator sent packet: 256 samples, total=371968
2026-02-10 23:51:23.985 [DBG] [EegAcquisition.Services.Simulator.EegSimulatorService] Simulator sent packet: 256 samples, total=372224
2026-02-10 23:51:24.979 [DBG] [EegAcquisition.Services.Simulator.EegSimulatorService] Simulator sent packet: 256 samples, total=372480
2026-02-10 23:51:25.976 [DBG] [EegAcquisition.Services.Simulator.EegSimulatorService] Simulator sent packet: 256 samples, total=372736
2026-02-10 23:51:26.977 [DBG] [EegAcquisition.Services.Simulator.EegSimulatorService] Simulator sent packet: 256 samples, total=372992
2026-02-10 23:51:27.978 [DBG] [EegAcquisition.Services.Simulator.EegSimulatorService] Simulator sent packet: 256 samples, total=373248
2026-02-10 23:51:29.003 [DBG] [EegAcquisition.Services.Simulator.EegSimulatorService] Simulator sent packet: 256 samples, total=373504
2026-02-10 23:51:29.985 [DBG] [EegAcquisition.Services.Simulator.EegSimulatorService] Simulator sent packet: 256 samples, total=373760
2026-02-10 23:51:30.986 [DBG] [EegAcquisition.Services.Simulator.EegSimulatorService] Simulator sent packet: 256 samples, total=374016
2026-02-10 23:51:31.974 [DBG] [EegAcquisition.Services.Simulator.EegSimulatorService] Simulator sent packet: 256 samples, total=374272
2026-02-10 23:51:32.976 [DBG] [EegAcquisition.Services.Simulator.EegSimulatorService] Simulator sent packet: 256 samples, total=374528
2026-02-10 23:51:33.975 [DBG] [EegAcquisition.Services.Simulator.EegSimulatorService] Simulator sent packet: 256 samples, total=374784
2026-02-10 23:51:34.982 [DBG] [EegAcquisition.Services.Simulator.EegSimulatorService] Simulator sent packet: 256 samples, total=375040
2026-02-10 23:51:35.986 [DBG] [EegAcquisition.Services.Simulator.EegSimulatorService] Simulator sent packet: 256 samples, total=375296
2026-02-10 23:51:36.986 [DBG] [EegAcquisition.Services.Simulator.EegSimulatorService] Simulator sent packet: 256 samples, total=375552
2026-02-10 23:51:37.989 [DBG] [EegAcquisition.Services.Simulator.EegSimulatorService] Simulator sent packet: 256 samples, total=375808
2026-02-10 23:51:38.993 [DBG] [EegAcquisition.Services.Simulator.EegSimulatorService] Simulator sent packet: 256 samples, total=376064
2026-02-10 23:51:39.987 [DBG] [EegAcquisition.Services.Simulator.EegSimulatorService] Simulator sent packet: 256 samples, total=376320
2026-02-10 23:51:40.973 [DBG] [EegAcquisition.Services.Simulator.EegSimulatorService] Simulator sent packet: 256 samples, total=376576
2026-02-10 23:51:41.976 [DBG] [EegAcquisition.Services.Simulator.EegSimulatorService] Simulator sent packet: 256 samples, total=376832
2026-02-10 23:51:42.978 [DBG] [EegAcquisition.Services.Simulator.EegSimulatorService] Simulator sent packet: 256 samples, total=377088
2026-02-10 23:51:43.988 [DBG] [EegAcquisition.Services.Simulator.EegSimulatorService] Simulator sent packet: 256 samples, total=377344
2026-02-10 23:51:44.985 [DBG] [EegAcquisition.Services.Simulator.EegSimulatorService] Simulator sent packet: 256 samples, total=377600
2026-02-10 23:51:45.987 [DBG] [EegAcquisition.Services.Simulator.EegSimulatorService] Simulator sent packet: 256 samples, total=377856
2026-02-10 23:51:46.987 [DBG] [EegAcquisition.Services.Simulator.EegSimulatorService] Simulator sent packet: 256 samples, total=378112
2026-02-10 23:51:47.972 [DBG] [EegAcquisition.Services.Simulator.EegSimulatorService] Simulator sent packet: 256 samples, total=378368
2026-02-10 23:51:48.987 [DBG] [EegAcquisition.Services.Simulator.EegSimulatorService] Simulator sent packet: 256 samples, total=378624
2026-02-10 23:51:49.973 [DBG] [EegAcquisition.Services.Simulator.EegSimulatorService] Simulator sent packet: 256 samples, total=378880
2026-02-10 23:51:50.982 [DBG] [EegAcquisition.Services.Simulator.EegSimulatorService] Simulator sent packet: 256 samples, total=379136
2026-02-10 23:51:51.977 [DBG] [EegAcquisition.Services.Simulator.EegSimulatorService] Simulator sent packet: 256 samples, total=379392
2026-02-10 23:51:52.974 [DBG] [EegAcquisition.Services.Simulator.EegSimulatorService] Simulator sent packet: 256 samples, total=379648
2026-02-10 23:51:53.973 [DBG] [EegAcquisition.Services.Simulator.EegSimulatorService] Simulator sent packet: 256 samples, total=379904
2026-02-10 23:51:54.973 [DBG] [EegAcquisition.Services.Simulator.EegSimulatorService] Simulator sent packet: 256 samples, total=380160
2026-02-10 23:51:55.975 [DBG] [EegAcquisition.Services.Simulator.EegSimulatorService] Simulator sent packet: 256 samples, total=380416
2026-02-10 23:51:56.976 [DBG] [EegAcquisition.Services.Simulator.EegSimulatorService] Simulator sent packet: 256 samples, total=380672
2026-02-10 23:51:57.985 [DBG] [EegAcquisition.Services.Simulator.EegSimulatorService] Simulator sent packet: 256 samples, total=380928
2026-02-10 23:51:58.975 [DBG] [EegAcquisition.Services.Simulator.EegSimulatorService] Simulator sent packet: 256 samples, total=381184
2026-02-10 23:51:59.987 [DBG] [EegAcquisition.Services.Simulator.EegSimulatorService] Simulator sent packet: 256 samples, total=381440
2026-02-10 23:52:00.974 [DBG] [EegAcquisition.Services.Simulator.EegSimulatorService] Simulator sent packet: 256 samples, total=381696
2026-02-10 23:52:01.977 [DBG] [EegAcquisition.Services.Simulator.EegSimulatorService] Simulator sent packet: 256 samples, total=381952
2026-02-10 23:52:02.979 [DBG] [EegAcquisition.Services.Simulator.EegSimulatorService] Simulator sent packet: 256 samples, total=382208
2026-02-10 23:52:03.980 [DBG] [EegAcquisition.Services.Simulator.EegSimulatorService] Simulator sent packet: 256 samples, total=382464
2026-02-10 23:52:04.980 [DBG] [EegAcquisition.Services.Simulator.EegSimulatorService] Simulator sent packet: 256 samples, total=382720
2026-02-10 23:52:05.998 [DBG] [EegAcquisition.Services.Simulator.EegSimulatorService] Simulator sent packet: 256 samples, total=382976
2026-02-10 23:52:06.975 [DBG] [EegAcquisition.Services.Simulator.EegSimulatorService] Simulator sent packet: 256 samples, total=383232
2026-02-10 23:52:07.980 [DBG] [EegAcquisition.Services.Simulator.EegSimulatorService] Simulator sent packet: 256 samples, total=383488
2026-02-10 23:52:08.977 [DBG] [EegAcquisition.Services.Simulator.EegSimulatorService] Simulator sent packet: 256 samples, total=383744
2026-02-10 23:52:09.978 [DBG] [EegAcquisition.Services.Simulator.EegSimulatorService] Simulator sent packet: 256 samples, total=384000
2026-02-10 23:52:10.974 [DBG] [EegAcquisition.Services.Simulator.EegSimulatorService] Simulator sent packet: 256 samples, total=384256
2026-02-10 23:52:11.975 [DBG] [EegAcquisition.Services.Simulator.EegSimulatorService] Simulator sent packet: 256 samples, total=384512
2026-02-10 23:52:12.980 [DBG] [EegAcquisition.Services.Simulator.EegSimulatorService] Simulator sent packet: 256 samples, total=384768
2026-02-10 23:52:13.983 [DBG] [EegAcquisition.Services.Simulator.EegSimulatorService] Simulator sent packet: 256 samples, total=385024
2026-02-10 23:52:14.986 [DBG] [EegAcquisition.Services.Simulator.EegSimulatorService] Simulator sent packet: 256 samples, total=385280
2026-02-10 23:52:15.994 [DBG] [EegAcquisition.Services.Simulator.EegSimulatorService] Simulator sent packet: 256 samples, total=385536
2026-02-10 23:52:16.988 [DBG] [EegAcquisition.Services.Simulator.EegSimulatorService] Simulator sent packet: 256 samples, total=385792
2026-02-10 23:52:17.975 [DBG] [EegAcquisition.Services.Simulator.EegSimulatorService] Simulator sent packet: 256 samples, total=386048
2026-02-10 23:52:18.976 [DBG] [EegAcquisition.Services.Simulator.EegSimulatorService] Simulator sent packet: 256 samples, total=386304
2026-02-10 23:52:19.978 [DBG] [EegAcquisition.Services.Simulator.EegSimulatorService] Simulator sent packet: 256 samples, total=386560
2026-02-10 23:52:20.981 [DBG] [EegAcquisition.Services.Simulator.EegSimulatorService] Simulator sent packet: 256 samples, total=386816
2026-02-10 23:52:21.984 [DBG] [EegAcquisition.Services.Simulator.EegSimulatorService] Simulator sent packet: 256 samples, total=387072
2026-02-10 23:52:22.986 [DBG] [EegAcquisition.Services.Simulator.EegSimulatorService] Simulator sent packet: 256 samples, total=387328
2026-02-10 23:52:23.988 [DBG] [EegAcquisition.Services.Simulator.EegSimulatorService] Simulator sent packet: 256 samples, total=387584
2026-02-10 23:52:24.972 [DBG] [EegAcquisition.Services.Simulator.EegSimulatorService] Simulator sent packet: 256 samples, total=387840
2026-02-10 23:52:25.993 [DBG] [EegAcquisition.Services.Simulator.EegSimulatorService] Simulator sent packet: 256 samples, total=388096
2026-02-10 23:52:26.974 [DBG] [EegAcquisition.Services.Simulator.EegSimulatorService] Simulator sent packet: 256 samples, total=388352
2026-02-10 23:52:27.978 [DBG] [EegAcquisition.Services.Simulator.EegSimulatorService] Simulator sent packet: 256 samples, total=388608
2026-02-10 23:52:28.978 [DBG] [EegAcquisition.Services.Simulator.EegSimulatorService] Simulator sent packet: 256 samples, total=388864
2026-02-10 23:52:29.982 [DBG] [EegAcquisition.Services.Simulator.EegSimulatorService] Simulator sent packet: 256 samples, total=389120
2026-02-10 23:52:30.978 [DBG] [EegAcquisition.Services.Simulator.EegSimulatorService] Simulator sent packet: 256 samples, total=389376
2026-02-10 23:52:31.988 [DBG] [EegAcquisition.Services.Simulator.EegSimulatorService] Simulator sent packet: 256 samples, total=389632
2026-02-10 23:52:32.984 [DBG] [EegAcquisition.Services.Simulator.EegSimulatorService] Simulator sent packet: 256 samples, total=389888
2026-02-10 23:52:33.986 [DBG] [EegAcquisition.Services.Simulator.EegSimulatorService] Simulator sent packet: 256 samples, total=390144
2026-02-10 23:52:34.974 [DBG] [EegAcquisition.Services.Simulator.EegSimulatorService] Simulator sent packet: 256 samples, total=390400
2026-02-10 23:52:35.975 [DBG] [EegAcquisition.Services.Simulator.EegSimulatorService] Simulator sent packet: 256 samples, total=390656
2026-02-10 23:52:36.977 [DBG] [EegAcquisition.Services.Simulator.EegSimulatorService] Simulator sent packet: 256 samples, total=390912
2026-02-10 23:52:37.977 [DBG] [EegAcquisition.Services.Simulator.EegSimulatorService] Simulator sent packet: 256 samples, total=391168
2026-02-10 23:52:38.980 [DBG] [EegAcquisition.Services.Simulator.EegSimulatorService] Simulator sent packet: 256 samples, total=391424
2026-02-10 23:52:39.984 [DBG] [EegAcquisition.Services.Simulator.EegSimulatorService] Simulator sent packet: 256 samples, total=391680
2026-02-10 23:52:40.986 [DBG] [EegAcquisition.Services.Simulator.EegSimulatorService] Simulator sent packet: 256 samples, total=391936
2026-02-10 23:52:41.985 [DBG] [EegAcquisition.Services.Simulator.EegSimulatorService] Simulator sent packet: 256 samples, total=392192
2026-02-10 23:52:42.988 [DBG] [EegAcquisition.Services.Simulator.EegSimulatorService] Simulator sent packet: 256 samples, total=392448
2026-02-10 23:52:43.974 [DBG] [EegAcquisition.Services.Simulator.EegSimulatorService] Simulator sent packet: 256 samples, total=392704
2026-02-10 23:52:44.975 [DBG] [EegAcquisition.Services.Simulator.EegSimulatorService] Simulator sent packet: 256 samples, total=392960
2026-02-10 23:52:45.972 [DBG] [EegAcquisition.Services.Simulator.EegSimulatorService] Simulator sent packet: 256 samples, total=393216
2026-02-10 23:52:46.978 [DBG] [EegAcquisition.Services.Simulator.EegSimulatorService] Simulator sent packet: 256 samples, total=393472
2026-02-10 23:52:47.979 [DBG] [EegAcquisition.Services.Simulator.EegSimulatorService] Simulator sent packet: 256 samples, total=393728
2026-02-10 23:52:48.983 [DBG] [EegAcquisition.Services.Simulator.EegSimulatorService] Simulator sent packet: 256 samples, total=393984
2026-02-10 23:52:49.985 [DBG] [EegAcquisition.Services.Simulator.EegSimulatorService] Simulator sent packet: 256 samples, total=394240
2026-02-10 23:52:50.989 [DBG] [EegAcquisition.Services.Simulator.EegSimulatorService] Simulator sent packet: 256 samples, total=394496
2026-02-10 23:52:51.986 [DBG] [EegAcquisition.Services.Simulator.EegSimulatorService] Simulator sent packet: 256 samples, total=394752
2026-02-10 23:52:52.975 [DBG] [EegAcquisition.Services.Simulator.EegSimulatorService] Simulator sent packet: 256 samples, total=395008
2026-02-10 23:52:53.976 [DBG] [EegAcquisition.Services.Simulator.EegSimulatorService] Simulator sent packet: 256 samples, total=395264
2026-02-10 23:52:54.978 [DBG] [EegAcquisition.Services.Simulator.EegSimulatorService] Simulator sent packet: 256 samples, total=395520
2026-02-10 23:52:55.977 [DBG] [EegAcquisition.Services.Simulator.EegSimulatorService] Simulator sent packet: 256 samples, total=395776
2026-02-10 23:52:56.977 [DBG] [EegAcquisition.Services.Simulator.EegSimulatorService] Simulator sent packet: 256 samples, total=396032
2026-02-10 23:52:57.981 [DBG] [EegAcquisition.Services.Simulator.EegSimulatorService] Simulator sent packet: 256 samples, total=396288
2026-02-10 23:52:58.982 [DBG] [EegAcquisition.Services.Simulator.EegSimulatorService] Simulator sent packet: 256 samples, total=396544
2026-02-10 23:52:59.982 [DBG] [EegAcquisition.Services.Simulator.EegSimulatorService] Simulator sent packet: 256 samples, total=396800
2026-02-10 23:53:00.986 [DBG] [EegAcquisition.Services.Simulator.EegSimulatorService] Simulator sent packet: 256 samples, total=397056
2026-02-10 23:53:01.974 [DBG] [EegAcquisition.Services.Simulator.EegSimulatorService] Simulator sent packet: 256 samples, total=397312
2026-02-10 23:53:02.978 [DBG] [EegAcquisition.Services.Simulator.EegSimulatorService] Simulator sent packet: 256 samples, total=397568
2026-02-10 23:53:03.979 [DBG] [EegAcquisition.Services.Simulator.EegSimulatorService] Simulator sent packet: 256 samples, total=397824
2026-02-10 23:53:04.975 [DBG] [EegAcquisition.Services.Simulator.EegSimulatorService] Simulator sent packet: 256 samples, total=398080
2026-02-10 23:53:05.976 [DBG] [EegAcquisition.Services.Simulator.EegSimulatorService] Simulator sent packet: 256 samples, total=398336
2026-02-10 23:53:06.979 [DBG] [EegAcquisition.Services.Simulator.EegSimulatorService] Simulator sent packet: 256 samples, total=398592
2026-02-10 23:53:07.983 [DBG] [EegAcquisition.Services.Simulator.EegSimulatorService] Simulator sent packet: 256 samples, total=398848
2026-02-10 23:53:08.985 [DBG] [EegAcquisition.Services.Simulator.EegSimulatorService] Simulator sent packet: 256 samples, total=399104
2026-02-10 23:53:09.992 [DBG] [EegAcquisition.Services.Simulator.EegSimulatorService] Simulator sent packet: 256 samples, total=399360
2026-02-10 23:53:10.995 [DBG] [EegAcquisition.Services.Simulator.EegSimulatorService] Simulator sent packet: 256 samples, total=399616
2026-02-10 23:53:11.980 [DBG] [EegAcquisition.Services.Simulator.EegSimulatorService] Simulator sent packet: 256 samples, total=399872
2026-02-10 23:53:12.978 [DBG] [EegAcquisition.Services.Simulator.EegSimulatorService] Simulator sent packet: 256 samples, total=400128
2026-02-10 23:53:13.981 [DBG] [EegAcquisition.Services.Simulator.EegSimulatorService] Simulator sent packet: 256 samples, total=400384
2026-02-10 23:53:14.978 [DBG] [EegAcquisition.Services.Simulator.EegSimulatorService] Simulator sent packet: 256 samples, total=400640
2026-02-10 23:53:15.978 [DBG] [EegAcquisition.Services.Simulator.EegSimulatorService] Simulator sent packet: 256 samples, total=400896
2026-02-10 23:53:16.983 [DBG] [EegAcquisition.Services.Simulator.EegSimulatorService] Simulator sent packet: 256 samples, total=401152
2026-02-10 23:53:17.989 [DBG] [EegAcquisition.Services.Simulator.EegSimulatorService] Simulator sent packet: 256 samples, total=401408
2026-02-10 23:53:18.989 [DBG] [EegAcquisition.Services.Simulator.EegSimulatorService] Simulator sent packet: 256 samples, total=401664
2026-02-10 23:53:19.996 [DBG] [EegAcquisition.Services.Simulator.EegSimulatorService] Simulator sent packet: 256 samples, total=401920
2026-02-10 23:53:20.980 [DBG] [EegAcquisition.Services.Simulator.EegSimulatorService] Simulator sent packet: 256 samples, total=402176
2026-02-10 23:53:21.983 [DBG] [EegAcquisition.Services.Simulator.EegSimulatorService] Simulator sent packet: 256 samples, total=402432
2026-02-10 23:53:22.984 [DBG] [EegAcquisition.Services.Simulator.EegSimulatorService] Simulator sent packet: 256 samples, total=402688
2026-02-10 23:53:23.985 [DBG] [EegAcquisition.Services.Simulator.EegSimulatorService] Simulator sent packet: 256 samples, total=402944
2026-02-10 23:53:24.988 [DBG] [EegAcquisition.Services.Simulator.EegSimulatorService] Simulator sent packet: 256 samples, total=403200
2026-02-10 23:53:25.982 [DBG] [EegAcquisition.Services.Simulator.EegSimulatorService] Simulator sent packet: 256 samples, total=403456
2026-02-10 23:53:26.987 [DBG] [EegAcquisition.Services.Simulator.EegSimulatorService] Simulator sent packet: 256 samples, total=403712
2026-02-10 23:53:27.977 [DBG] [EegAcquisition.Services.Simulator.EegSimulatorService] Simulator sent packet: 256 samples, total=403968
2026-02-10 23:53:28.979 [DBG] [EegAcquisition.Services.Simulator.EegSimulatorService] Simulator sent packet: 256 samples, total=404224
2026-02-10 23:53:29.991 [DBG] [EegAcquisition.Services.Simulator.EegSimulatorService] Simulator sent packet: 256 samples, total=404480
2026-02-10 23:53:30.987 [DBG] [EegAcquisition.Services.Simulator.EegSimulatorService] Simulator sent packet: 256 samples, total=404736
2026-02-10 23:53:31.986 [DBG] [EegAcquisition.Services.Simulator.EegSimulatorService] Simulator sent packet: 256 samples, total=404992
2026-02-10 23:53:32.992 [DBG] [EegAcquisition.Services.Simulator.EegSimulatorService] Simulator sent packet: 256 samples, total=405248
2026-02-10 23:53:33.987 [DBG] [EegAcquisition.Services.Simulator.EegSimulatorService] Simulator sent packet: 256 samples, total=405504
2026-02-10 23:53:34.987 [DBG] [EegAcquisition.Services.Simulator.EegSimulatorService] Simulator sent packet: 256 samples, total=405760
2026-02-10 23:53:35.973 [DBG] [EegAcquisition.Services.Simulator.EegSimulatorService] Simulator sent packet: 256 samples, total=406016
2026-02-10 23:53:36.974 [DBG] [EegAcquisition.Services.Simulator.EegSimulatorService] Simulator sent packet: 256 samples, total=406272
2026-02-10 23:53:37.973 [DBG] [EegAcquisition.Services.Simulator.EegSimulatorService] Simulator sent packet: 256 samples, total=406528
2026-02-10 23:53:38.995 [DBG] [EegAcquisition.Services.Simulator.EegSimulatorService] Simulator sent packet: 256 samples, total=406784
2026-02-10 23:53:39.972 [DBG] [EegAcquisition.Services.Simulator.EegSimulatorService] Simulator sent packet: 256 samples, total=407040
2026-02-10 23:53:40.988 [DBG] [EegAcquisition.Services.Simulator.EegSimulatorService] Simulator sent packet: 256 samples, total=407296
2026-02-10 23:53:41.973 [DBG] [EegAcquisition.Services.Simulator.EegSimulatorService] Simulator sent packet: 256 samples, total=407552
2026-02-10 23:53:42.990 [DBG] [EegAcquisition.Services.Simulator.EegSimulatorService] Simulator sent packet: 256 samples, total=407808
2026-02-10 23:53:43.983 [DBG] [EegAcquisition.Services.Simulator.EegSimulatorService] Simulator sent packet: 256 samples, total=408064
2026-02-10 23:53:44.975 [DBG] [EegAcquisition.Services.Simulator.EegSimulatorService] Simulator sent packet: 256 samples, total=408320
2026-02-10 23:53:45.993 [DBG] [EegAcquisition.Services.Simulator.EegSimulatorService] Simulator sent packet: 256 samples, total=408576
2026-02-10 23:53:46.989 [DBG] [EegAcquisition.Services.Simulator.EegSimulatorService] Simulator sent packet: 256 samples, total=408832
2026-02-10 23:53:47.991 [DBG] [EegAcquisition.Services.Simulator.EegSimulatorService] Simulator sent packet: 256 samples, total=409088
2026-02-10 23:53:48.988 [DBG] [EegAcquisition.Services.Simulator.EegSimulatorService] Simulator sent packet: 256 samples, total=409344
2026-02-10 23:53:49.975 [DBG] [EegAcquisition.Services.Simulator.EegSimulatorService] Simulator sent packet: 256 samples, total=409600
2026-02-10 23:53:50.978 [DBG] [EegAcquisition.Services.Simulator.EegSimulatorService] Simulator sent packet: 256 samples, total=409856
2026-02-10 23:53:51.982 [DBG] [EegAcquisition.Services.Simulator.EegSimulatorService] Simulator sent packet: 256 samples, total=410112
2026-02-10 23:53:52.983 [DBG] [EegAcquisition.Services.Simulator.EegSimulatorService] Simulator sent packet: 256 samples, total=410368
2026-02-10 23:53:53.989 [DBG] [EegAcquisition.Services.Simulator.EegSimulatorService] Simulator sent packet: 256 samples, total=410624
2026-02-10 23:53:54.977 [DBG] [EegAcquisition.Services.Simulator.EegSimulatorService] Simulator sent packet: 256 samples, total=410880
2026-02-10 23:53:55.980 [DBG] [EegAcquisition.Services.Simulator.EegSimulatorService] Simulator sent packet: 256 samples, total=411136
2026-02-10 23:53:56.973 [DBG] [EegAcquisition.Services.Simulator.EegSimulatorService] Simulator sent packet: 256 samples, total=411392
2026-02-10 23:53:57.981 [DBG] [EegAcquisition.Services.Simulator.EegSimulatorService] Simulator sent packet: 256 samples, total=411648
2026-02-10 23:53:58.975 [DBG] [EegAcquisition.Services.Simulator.EegSimulatorService] Simulator sent packet: 256 samples, total=411904
2026-02-10 23:53:59.982 [DBG] [EegAcquisition.Services.Simulator.EegSimulatorService] Simulator sent packet: 256 samples, total=412160
2026-02-10 23:54:00.982 [DBG] [EegAcquisition.Services.Simulator.EegSimulatorService] Simulator sent packet: 256 samples, total=412416
2026-02-10 23:54:01.983 [DBG] [EegAcquisition.Services.Simulator.EegSimulatorService] Simulator sent packet: 256 samples, total=412672
2026-02-10 23:54:02.989 [DBG] [EegAcquisition.Services.Simulator.EegSimulatorService] Simulator sent packet: 256 samples, total=412928
2026-02-10 23:54:03.994 [DBG] [EegAcquisition.Services.Simulator.EegSimulatorService] Simulator sent packet: 256 samples, total=413184
2026-02-10 23:54:04.990 [DBG] [EegAcquisition.Services.Simulator.EegSimulatorService] Simulator sent packet: 256 samples, total=413440
2026-02-10 23:54:05.976 [DBG] [EegAcquisition.Services.Simulator.EegSimulatorService] Simulator sent packet: 256 samples, total=413696
2026-02-10 23:54:06.979 [DBG] [EegAcquisition.Services.Simulator.EegSimulatorService] Simulator sent packet: 256 samples, total=413952
2026-02-10 23:54:07.982 [DBG] [EegAcquisition.Services.Simulator.EegSimulatorService] Simulator sent packet: 256 samples, total=414208
2026-02-10 23:54:08.982 [DBG] [EegAcquisition.Services.Simulator.EegSimulatorService] Simulator sent packet: 256 samples, total=414464
2026-02-10 23:54:09.982 [DBG] [EegAcquisition.Services.Simulator.EegSimulatorService] Simulator sent packet: 256 samples, total=414720
2026-02-10 23:54:10.988 [DBG] [EegAcquisition.Services.Simulator.EegSimulatorService] Simulator sent packet: 256 samples, total=414976
2026-02-10 23:54:11.985 [DBG] [EegAcquisition.Services.Simulator.EegSimulatorService] Simulator sent packet: 256 samples, total=415232
2026-02-10 23:54:12.988 [DBG] [EegAcquisition.Services.Simulator.EegSimulatorService] Simulator sent packet: 256 samples, total=415488
2026-02-10 23:54:13.985 [DBG] [EegAcquisition.Services.Simulator.EegSimulatorService] Simulator sent packet: 256 samples, total=415744
2026-02-10 23:54:14.975 [DBG] [EegAcquisition.Services.Simulator.EegSimulatorService] Simulator sent packet: 256 samples, total=416000
2026-02-10 23:54:15.982 [DBG] [EegAcquisition.Services.Simulator.EegSimulatorService] Simulator sent packet: 256 samples, total=416256
2026-02-10 23:54:16.979 [DBG] [EegAcquisition.Services.Simulator.EegSimulatorService] Simulator sent packet: 256 samples, total=416512
2026-02-10 23:54:17.972 [DBG] [EegAcquisition.Services.Simulator.EegSimulatorService] Simulator sent packet: 256 samples, total=416768
2026-02-10 23:54:18.983 [DBG] [EegAcquisition.Services.Simulator.EegSimulatorService] Simulator sent packet: 256 samples, total=417024
2026-02-10 23:54:19.984 [DBG] [EegAcquisition.Services.Simulator.EegSimulatorService] Simulator sent packet: 256 samples, total=417280
2026-02-10 23:54:20.986 [DBG] [EegAcquisition.Services.Simulator.EegSimulatorService] Simulator sent packet: 256 samples, total=417536
2026-02-10 23:54:21.986 [DBG] [EegAcquisition.Services.Simulator.EegSimulatorService] Simulator sent packet: 256 samples, total=417792
2026-02-10 23:54:22.982 [DBG] [EegAcquisition.Services.Simulator.EegSimulatorService] Simulator sent packet: 256 samples, total=418048
2026-02-10 23:54:23.976 [DBG] [EegAcquisition.Services.Simulator.EegSimulatorService] Simulator sent packet: 256 samples, total=418304
2026-02-10 23:54:24.977 [DBG] [EegAcquisition.Services.Simulator.EegSimulatorService] Simulator sent packet: 256 samples, total=418560
2026-02-10 23:54:25.979 [DBG] [EegAcquisition.Services.Simulator.EegSimulatorService] Simulator sent packet: 256 samples, total=418816
2026-02-10 23:54:26.983 [DBG] [EegAcquisition.Services.Simulator.EegSimulatorService] Simulator sent packet: 256 samples, total=419072
2026-02-10 23:54:27.985 [DBG] [EegAcquisition.Services.Simulator.EegSimulatorService] Simulator sent packet: 256 samples, total=419328
2026-02-10 23:54:28.984 [DBG] [EegAcquisition.Services.Simulator.EegSimulatorService] Simulator sent packet: 256 samples, total=419584
2026-02-10 23:54:29.986 [DBG] [EegAcquisition.Services.Simulator.EegSimulatorService] Simulator sent packet: 256 samples, total=419840
2026-02-10 23:54:30.985 [DBG] [EegAcquisition.Services.Simulator.EegSimulatorService] Simulator sent packet: 256 samples, total=420096
2026-02-10 23:54:31.983 [DBG] [EegAcquisition.Services.Simulator.EegSimulatorService] Simulator sent packet: 256 samples, total=420352
2026-02-10 23:54:32.987 [DBG] [EegAcquisition.Services.Simulator.EegSimulatorService] Simulator sent packet: 256 samples, total=420608
2026-02-10 23:54:33.972 [DBG] [EegAcquisition.Services.Simulator.EegSimulatorService] Simulator sent packet: 256 samples, total=420864
2026-02-10 23:54:34.978 [DBG] [EegAcquisition.Services.Simulator.EegSimulatorService] Simulator sent packet: 256 samples, total=421120
2026-02-10 23:54:35.978 [DBG] [EegAcquisition.Services.Simulator.EegSimulatorService] Simulator sent packet: 256 samples, total=421376
2026-02-10 23:54:36.981 [DBG] [EegAcquisition.Services.Simulator.EegSimulatorService] Simulator sent packet: 256 samples, total=421632
2026-02-10 23:54:37.983 [DBG] [EegAcquisition.Services.Simulator.EegSimulatorService] Simulator sent packet: 256 samples, total=421888
2026-02-10 23:54:38.986 [DBG] [EegAcquisition.Services.Simulator.EegSimulatorService] Simulator sent packet: 256 samples, total=422144
2026-02-10 23:54:39.986 [DBG] [EegAcquisition.Services.Simulator.EegSimulatorService] Simulator sent packet: 256 samples, total=422400
2026-02-10 23:54:40.987 [DBG] [EegAcquisition.Services.Simulator.EegSimulatorService] Simulator sent packet: 256 samples, total=422656
2026-02-10 23:54:41.973 [DBG] [EegAcquisition.Services.Simulator.EegSimulatorService] Simulator sent packet: 256 samples, total=422912
2026-02-10 23:54:42.976 [DBG] [EegAcquisition.Services.Simulator.EegSimulatorService] Simulator sent packet: 256 samples, total=423168
2026-02-10 23:54:43.975 [DBG] [EegAcquisition.Services.Simulator.EegSimulatorService] Simulator sent packet: 256 samples, total=423424
2026-02-10 23:54:44.978 [DBG] [EegAcquisition.Services.Simulator.EegSimulatorService] Simulator sent packet: 256 samples, total=423680
2026-02-10 23:54:45.980 [DBG] [EegAcquisition.Services.Simulator.EegSimulatorService] Simulator sent packet: 256 samples, total=423936
2026-02-10 23:54:46.973 [DBG] [EegAcquisition.Services.Simulator.EegSimulatorService] Simulator sent packet: 256 samples, total=424192
2026-02-10 23:54:47.987 [DBG] [EegAcquisition.Services.Simulator.EegSimulatorService] Simulator sent packet: 256 samples, total=424448
2026-02-10 23:54:48.976 [DBG] [EegAcquisition.Services.Simulator.EegSimulatorService] Simulator sent packet: 256 samples, total=424704
2026-02-10 23:54:49.975 [DBG] [EegAcquisition.Services.Simulator.EegSimulatorService] Simulator sent packet: 256 samples, total=424960
2026-02-10 23:54:50.981 [DBG] [EegAcquisition.Services.Simulator.EegSimulatorService] Simulator sent packet: 256 samples, total=425216
2026-02-10 23:54:51.975 [DBG] [EegAcquisition.Services.Simulator.EegSimulatorService] Simulator sent packet: 256 samples, total=425472
2026-02-10 23:54:52.977 [DBG] [EegAcquisition.Services.Simulator.EegSimulatorService] Simulator sent packet: 256 samples, total=425728
2026-02-10 23:54:53.977 [DBG] [EegAcquisition.Services.Simulator.EegSimulatorService] Simulator sent packet: 256 samples, total=425984
2026-02-10 23:54:54.980 [DBG] [EegAcquisition.Services.Simulator.EegSimulatorService] Simulator sent packet: 256 samples, total=426240
2026-02-10 23:54:55.983 [DBG] [EegAcquisition.Services.Simulator.EegSimulatorService] Simulator sent packet: 256 samples, total=426496
2026-02-10 23:54:56.986 [DBG] [EegAcquisition.Services.Simulator.EegSimulatorService] Simulator sent packet: 256 samples, total=426752
2026-02-10 23:54:57.980 [DBG] [EegAcquisition.Services.Simulator.EegSimulatorService] Simulator sent packet: 256 samples, total=427008
2026-02-10 23:54:58.980 [DBG] [EegAcquisition.Services.Simulator.EegSimulatorService] Simulator sent packet: 256 samples, total=427264
2026-02-10 23:54:59.979 [DBG] [EegAcquisition.Services.Simulator.EegSimulatorService] Simulator sent packet: 256 samples, total=427520
2026-02-10 23:55:00.980 [DBG] [EegAcquisition.Services.Simulator.EegSimulatorService] Simulator sent packet: 256 samples, total=427776
2026-02-10 23:55:01.974 [DBG] [EegAcquisition.Services.Simulator.EegSimulatorService] Simulator sent packet: 256 samples, total=428032
2026-02-10 23:55:02.983 [DBG] [EegAcquisition.Services.Simulator.EegSimulatorService] Simulator sent packet: 256 samples, total=428288
2026-02-10 23:55:03.982 [DBG] [EegAcquisition.Services.Simulator.EegSimulatorService] Simulator sent packet: 256 samples, total=428544
2026-02-10 23:55:04.984 [DBG] [EegAcquisition.Services.Simulator.EegSimulatorService] Simulator sent packet: 256 samples, total=428800
2026-02-10 23:55:05.985 [DBG] [EegAcquisition.Services.Simulator.EegSimulatorService] Simulator sent packet: 256 samples, total=429056
2026-02-10 23:55:06.985 [DBG] [EegAcquisition.Services.Simulator.EegSimulatorService] Simulator sent packet: 256 samples, total=429312
2026-02-10 23:55:07.983 [DBG] [EegAcquisition.Services.Simulator.EegSimulatorService] Simulator sent packet: 256 samples, total=429568
2026-02-10 23:55:08.985 [DBG] [EegAcquisition.Services.Simulator.EegSimulatorService] Simulator sent packet: 256 samples, total=429824
2026-02-10 23:55:09.984 [DBG] [EegAcquisition.Services.Simulator.EegSimulatorService] Simulator sent packet: 256 samples, total=430080
2026-02-10 23:55:10.984 [DBG] [EegAcquisition.Services.Simulator.EegSimulatorService] Simulator sent packet: 256 samples, total=430336
2026-02-10 23:55:11.985 [DBG] [EegAcquisition.Services.Simulator.EegSimulatorService] Simulator sent packet: 256 samples, total=430592
2026-02-10 23:55:12.987 [DBG] [EegAcquisition.Services.Simulator.EegSimulatorService] Simulator sent packet: 256 samples, total=430848
2026-02-10 23:55:14.017 [DBG] [EegAcquisition.Services.Simulator.EegSimulatorService] Simulator sent packet: 256 samples, total=431104
2026-02-10 23:55:14.985 [DBG] [EegAcquisition.Services.Simulator.EegSimulatorService] Simulator sent packet: 256 samples, total=431360
2026-02-10 23:55:15.986 [DBG] [EegAcquisition.Services.Simulator.EegSimulatorService] Simulator sent packet: 256 samples, total=431616
2026-02-10 23:55:16.974 [DBG] [EegAcquisition.Services.Simulator.EegSimulatorService] Simulator sent packet: 256 samples, total=431872
2026-02-10 23:55:17.987 [DBG] [EegAcquisition.Services.Simulator.EegSimulatorService] Simulator sent packet: 256 samples, total=432128
2026-02-10 23:55:18.976 [DBG] [EegAcquisition.Services.Simulator.EegSimulatorService] Simulator sent packet: 256 samples, total=432384
2026-02-10 23:55:19.976 [DBG] [EegAcquisition.Services.Simulator.EegSimulatorService] Simulator sent packet: 256 samples, total=432640
2026-02-10 23:55:20.983 [DBG] [EegAcquisition.Services.Simulator.EegSimulatorService] Simulator sent packet: 256 samples, total=432896
2026-02-10 23:55:21.981 [DBG] [EegAcquisition.Services.Simulator.EegSimulatorService] Simulator sent packet: 256 samples, total=433152
2026-02-10 23:55:22.984 [DBG] [EegAcquisition.Services.Simulator.EegSimulatorService] Simulator sent packet: 256 samples, total=433408
2026-02-10 23:55:23.986 [DBG] [EegAcquisition.Services.Simulator.EegSimulatorService] Simulator sent packet: 256 samples, total=433664
2026-02-10 23:55:24.987 [DBG] [EegAcquisition.Services.Simulator.EegSimulatorService] Simulator sent packet: 256 samples, total=433920
2026-02-10 23:55:25.987 [DBG] [EegAcquisition.Services.Simulator.EegSimulatorService] Simulator sent packet: 256 samples, total=434176
2026-02-10 23:55:26.973 [DBG] [EegAcquisition.Services.Simulator.EegSimulatorService] Simulator sent packet: 256 samples, total=434432
2026-02-10 23:55:27.976 [DBG] [EegAcquisition.Services.Simulator.EegSimulatorService] Simulator sent packet: 256 samples, total=434688
2026-02-10 23:55:28.977 [DBG] [EegAcquisition.Services.Simulator.EegSimulatorService] Simulator sent packet: 256 samples, total=434944
2026-02-10 23:55:29.984 [DBG] [EegAcquisition.Services.Simulator.EegSimulatorService] Simulator sent packet: 256 samples, total=435200
2026-02-10 23:55:30.982 [DBG] [EegAcquisition.Services.Simulator.EegSimulatorService] Simulator sent packet: 256 samples, total=435456
2026-02-10 23:55:31.990 [DBG] [EegAcquisition.Services.Simulator.EegSimulatorService] Simulator sent packet: 256 samples, total=435712
2026-02-10 23:55:32.988 [DBG] [EegAcquisition.Services.Simulator.EegSimulatorService] Simulator sent packet: 256 samples, total=435968
2026-02-10 23:55:33.986 [DBG] [EegAcquisition.Services.Simulator.EegSimulatorService] Simulator sent packet: 256 samples, total=436224
2026-02-10 23:55:34.978 [DBG] [EegAcquisition.Services.Simulator.EegSimulatorService] Simulator sent packet: 256 samples, total=436480
2026-02-10 23:55:35.980 [DBG] [EegAcquisition.Services.Simulator.EegSimulatorService] Simulator sent packet: 256 samples, total=436736
2026-02-10 23:55:36.973 [DBG] [EegAcquisition.Services.Simulator.EegSimulatorService] Simulator sent packet: 256 samples, total=436992
2026-02-10 23:55:37.977 [DBG] [EegAcquisition.Services.Simulator.EegSimulatorService] Simulator sent packet: 256 samples, total=437248
2026-02-10 23:55:38.980 [DBG] [EegAcquisition.Services.Simulator.EegSimulatorService] Simulator sent packet: 256 samples, total=437504
2026-02-10 23:55:39.980 [DBG] [EegAcquisition.Services.Simulator.EegSimulatorService] Simulator sent packet: 256 samples, total=437760
2026-02-10 23:55:40.984 [DBG] [EegAcquisition.Services.Simulator.EegSimulatorService] Simulator sent packet: 256 samples, total=438016
2026-02-10 23:55:41.989 [DBG] [EegAcquisition.Services.Simulator.EegSimulatorService] Simulator sent packet: 256 samples, total=438272
2026-02-10 23:55:42.986 [DBG] [EegAcquisition.Services.Simulator.EegSimulatorService] Simulator sent packet: 256 samples, total=438528
2026-02-10 23:55:43.973 [DBG] [EegAcquisition.Services.Simulator.EegSimulatorService] Simulator sent packet: 256 samples, total=438784
2026-02-10 23:55:44.975 [DBG] [EegAcquisition.Services.Simulator.EegSimulatorService] Simulator sent packet: 256 samples, total=439040
2026-02-10 23:55:45.977 [DBG] [EegAcquisition.Services.Simulator.EegSimulatorService] Simulator sent packet: 256 samples, total=439296
2026-02-10 23:55:46.990 [DBG] [EegAcquisition.Services.Simulator.EegSimulatorService] Simulator sent packet: 256 samples, total=439552
2026-02-10 23:55:48.003 [DBG] [EegAcquisition.Services.Simulator.EegSimulatorService] Simulator sent packet: 256 samples, total=439808
2026-02-10 23:55:48.988 [DBG] [EegAcquisition.Services.Simulator.EegSimulatorService] Simulator sent packet: 256 samples, total=440064
2026-02-10 23:55:49.984 [DBG] [EegAcquisition.Services.Simulator.EegSimulatorService] Simulator sent packet: 256 samples, total=440320
2026-02-10 23:55:50.988 [DBG] [EegAcquisition.Services.Simulator.EegSimulatorService] Simulator sent packet: 256 samples, total=440576
2026-02-10 23:55:51.985 [DBG] [EegAcquisition.Services.Simulator.EegSimulatorService] Simulator sent packet: 256 samples, total=440832
2026-02-10 23:55:52.974 [DBG] [EegAcquisition.Services.Simulator.EegSimulatorService] Simulator sent packet: 256 samples, total=441088
2026-02-10 23:55:53.975 [DBG] [EegAcquisition.Services.Simulator.EegSimulatorService] Simulator sent packet: 256 samples, total=441344
2026-02-10 23:55:54.978 [DBG] [EegAcquisition.Services.Simulator.EegSimulatorService] Simulator sent packet: 256 samples, total=441600
2026-02-10 23:55:55.979 [DBG] [EegAcquisition.Services.Simulator.EegSimulatorService] Simulator sent packet: 256 samples, total=441856
2026-02-10 23:55:56.984 [DBG] [EegAcquisition.Services.Simulator.EegSimulatorService] Simulator sent packet: 256 samples, total=442112
2026-02-10 23:55:57.988 [DBG] [EegAcquisition.Services.Simulator.EegSimulatorService] Simulator sent packet: 256 samples, total=442368
2026-02-10 23:55:58.981 [DBG] [EegAcquisition.Services.Simulator.EegSimulatorService] Simulator sent packet: 256 samples, total=442624
2026-02-10 23:55:59.984 [DBG] [EegAcquisition.Services.Simulator.EegSimulatorService] Simulator sent packet: 256 samples, total=442880
2026-02-10 23:56:00.989 [DBG] [EegAcquisition.Services.Simulator.EegSimulatorService] Simulator sent packet: 256 samples, total=443136
2026-02-10 23:56:01.985 [DBG] [EegAcquisition.Services.Simulator.EegSimulatorService] Simulator sent packet: 256 samples, total=443392
2026-02-10 23:56:02.981 [DBG] [EegAcquisition.Services.Simulator.EegSimulatorService] Simulator sent packet: 256 samples, total=443648
2026-02-10 23:56:03.973 [DBG] [EegAcquisition.Services.Simulator.EegSimulatorService] Simulator sent packet: 256 samples, total=443904
2026-02-10 23:56:04.977 [DBG] [EegAcquisition.Services.Simulator.EegSimulatorService] Simulator sent packet: 256 samples, total=444160
2026-02-10 23:56:05.980 [DBG] [EegAcquisition.Services.Simulator.EegSimulatorService] Simulator sent packet: 256 samples, total=444416
2026-02-10 23:56:06.987 [DBG] [EegAcquisition.Services.Simulator.EegSimulatorService] Simulator sent packet: 256 samples, total=444672
2026-02-10 23:56:07.981 [DBG] [EegAcquisition.Services.Simulator.EegSimulatorService] Simulator sent packet: 256 samples, total=444928
2026-02-10 23:56:08.980 [DBG] [EegAcquisition.Services.Simulator.EegSimulatorService] Simulator sent packet: 256 samples, total=445184
2026-02-10 23:56:09.983 [DBG] [EegAcquisition.Services.Simulator.EegSimulatorService] Simulator sent packet: 256 samples, total=445440
2026-02-10 23:56:10.986 [DBG] [EegAcquisition.Services.Simulator.EegSimulatorService] Simulator sent packet: 256 samples, total=445696
2026-02-10 23:56:11.977 [DBG] [EegAcquisition.Services.Simulator.EegSimulatorService] Simulator sent packet: 256 samples, total=445952
2026-02-10 23:56:12.973 [DBG] [EegAcquisition.Services.Simulator.EegSimulatorService] Simulator sent packet: 256 samples, total=446208
2026-02-10 23:56:13.977 [DBG] [EegAcquisition.Services.Simulator.EegSimulatorService] Simulator sent packet: 256 samples, total=446464
2026-02-10 23:56:14.979 [DBG] [EegAcquisition.Services.Simulator.EegSimulatorService] Simulator sent packet: 256 samples, total=446720
2026-02-10 23:56:15.982 [DBG] [EegAcquisition.Services.Simulator.EegSimulatorService] Simulator sent packet: 256 samples, total=446976
2026-02-10 23:56:16.982 [DBG] [EegAcquisition.Services.Simulator.EegSimulatorService] Simulator sent packet: 256 samples, total=447232
2026-02-10 23:56:17.984 [DBG] [EegAcquisition.Services.Simulator.EegSimulatorService] Simulator sent packet: 256 samples, total=447488
2026-02-10 23:56:18.985 [DBG] [EegAcquisition.Services.Simulator.EegSimulatorService] Simulator sent packet: 256 samples, total=447744
2026-02-10 23:56:19.985 [DBG] [EegAcquisition.Services.Simulator.EegSimulatorService] Simulator sent packet: 256 samples, total=448000
2026-02-10 23:56:20.988 [DBG] [EegAcquisition.Services.Simulator.EegSimulatorService] Simulator sent packet: 256 samples, total=448256
2026-02-10 23:56:21.975 [DBG] [EegAcquisition.Services.Simulator.EegSimulatorService] Simulator sent packet: 256 samples, total=448512
2026-02-10 23:56:22.982 [DBG] [EegAcquisition.Services.Simulator.EegSimulatorService] Simulator sent packet: 256 samples, total=448768
2026-02-10 23:56:23.979 [DBG] [EegAcquisition.Services.Simulator.EegSimulatorService] Simulator sent packet: 256 samples, total=449024
2026-02-10 23:56:24.986 [DBG] [EegAcquisition.Services.Simulator.EegSimulatorService] Simulator sent packet: 256 samples, total=449280
2026-02-10 23:56:25.986 [DBG] [EegAcquisition.Services.Simulator.EegSimulatorService] Simulator sent packet: 256 samples, total=449536
2026-02-10 23:56:26.987 [DBG] [EegAcquisition.Services.Simulator.EegSimulatorService] Simulator sent packet: 256 samples, total=449792
2026-02-10 23:56:27.987 [DBG] [EegAcquisition.Services.Simulator.EegSimulatorService] Simulator sent packet: 256 samples, total=450048
2026-02-10 23:56:28.991 [DBG] [EegAcquisition.Services.Simulator.EegSimulatorService] Simulator sent packet: 256 samples, total=450304
2026-02-10 23:56:29.987 [DBG] [EegAcquisition.Services.Simulator.EegSimulatorService] Simulator sent packet: 256 samples, total=450560
2026-02-10 23:56:30.975 [DBG] [EegAcquisition.Services.Simulator.EegSimulatorService] Simulator sent packet: 256 samples, total=450816
2026-02-10 23:56:31.983 [DBG] [EegAcquisition.Services.Simulator.EegSimulatorService] Simulator sent packet: 256 samples, total=451072
2026-02-10 23:56:32.979 [DBG] [EegAcquisition.Services.Simulator.EegSimulatorService] Simulator sent packet: 256 samples, total=451328
2026-02-10 23:56:33.981 [DBG] [EegAcquisition.Services.Simulator.EegSimulatorService] Simulator sent packet: 256 samples, total=451584
2026-02-10 23:56:34.976 [DBG] [EegAcquisition.Services.Simulator.EegSimulatorService] Simulator sent packet: 256 samples, total=451840
2026-02-10 23:56:35.991 [DBG] [EegAcquisition.Services.Simulator.EegSimulatorService] Simulator sent packet: 256 samples, total=452096
2026-02-10 23:56:36.974 [DBG] [EegAcquisition.Services.Simulator.EegSimulatorService] Simulator sent packet: 256 samples, total=452352
2026-02-10 23:56:37.976 [DBG] [EegAcquisition.Services.Simulator.EegSimulatorService] Simulator sent packet: 256 samples, total=452608
2026-02-10 23:56:38.975 [DBG] [EegAcquisition.Services.Simulator.EegSimulatorService] Simulator sent packet: 256 samples, total=452864
2026-02-10 23:56:39.977 [DBG] [EegAcquisition.Services.Simulator.EegSimulatorService] Simulator sent packet: 256 samples, total=453120
2026-02-10 23:56:40.977 [DBG] [EegAcquisition.Services.Simulator.EegSimulatorService] Simulator sent packet: 256 samples, total=453376
2026-02-10 23:56:41.980 [DBG] [EegAcquisition.Services.Simulator.EegSimulatorService] Simulator sent packet: 256 samples, total=453632
2026-02-10 23:56:42.987 [DBG] [EegAcquisition.Services.Simulator.EegSimulatorService] Simulator sent packet: 256 samples, total=453888
2026-02-10 23:56:43.983 [DBG] [EegAcquisition.Services.Simulator.EegSimulatorService] Simulator sent packet: 256 samples, total=454144
2026-02-10 23:56:44.983 [DBG] [EegAcquisition.Services.Simulator.EegSimulatorService] Simulator sent packet: 256 samples, total=454400
2026-02-10 23:56:45.979 [DBG] [EegAcquisition.Services.Simulator.EegSimulatorService] Simulator sent packet: 256 samples, total=454656
2026-02-10 23:56:46.987 [DBG] [EegAcquisition.Services.Simulator.EegSimulatorService] Simulator sent packet: 256 samples, total=454912
2026-02-10 23:56:47.979 [DBG] [EegAcquisition.Services.Simulator.EegSimulatorService] Simulator sent packet: 256 samples, total=455168
2026-02-10 23:56:48.983 [DBG] [EegAcquisition.Services.Simulator.EegSimulatorService] Simulator sent packet: 256 samples, total=455424
2026-02-10 23:56:49.982 [DBG] [EegAcquisition.Services.Simulator.EegSimulatorService] Simulator sent packet: 256 samples, total=455680
2026-02-10 23:56:50.978 [DBG] [EegAcquisition.Services.Simulator.EegSimulatorService] Simulator sent packet: 256 samples, total=455936
2026-02-10 23:56:51.982 [DBG] [EegAcquisition.Services.Simulator.EegSimulatorService] Simulator sent packet: 256 samples, total=456192
2026-02-10 23:56:52.982 [DBG] [EegAcquisition.Services.Simulator.EegSimulatorService] Simulator sent packet: 256 samples, total=456448
2026-02-10 23:56:53.978 [DBG] [EegAcquisition.Services.Simulator.EegSimulatorService] Simulator sent packet: 256 samples, total=456704
2026-02-10 23:56:54.986 [DBG] [EegAcquisition.Services.Simulator.EegSimulatorService] Simulator sent packet: 256 samples, total=456960
2026-02-10 23:56:55.985 [DBG] [EegAcquisition.Services.Simulator.EegSimulatorService] Simulator sent packet: 256 samples, total=457216
2026-02-10 23:56:56.980 [DBG] [EegAcquisition.Services.Simulator.EegSimulatorService] Simulator sent packet: 256 samples, total=457472
2026-02-10 23:56:57.986 [DBG] [EegAcquisition.Services.Simulator.EegSimulatorService] Simulator sent packet: 256 samples, total=457728
2026-02-10 23:56:58.977 [DBG] [EegAcquisition.Services.Simulator.EegSimulatorService] Simulator sent packet: 256 samples, total=457984
2026-02-10 23:56:59.979 [DBG] [EegAcquisition.Services.Simulator.EegSimulatorService] Simulator sent packet: 256 samples, total=458240
2026-02-10 23:57:01.000 [DBG] [EegAcquisition.Services.Simulator.EegSimulatorService] Simulator sent packet: 256 samples, total=458496
2026-02-10 23:57:01.981 [DBG] [EegAcquisition.Services.Simulator.EegSimulatorService] Simulator sent packet: 256 samples, total=458752
2026-02-10 23:57:02.981 [DBG] [EegAcquisition.Services.Simulator.EegSimulatorService] Simulator sent packet: 256 samples, total=459008
2026-02-10 23:57:03.985 [DBG] [EegAcquisition.Services.Simulator.EegSimulatorService] Simulator sent packet: 256 samples, total=459264
2026-02-10 23:57:04.986 [DBG] [EegAcquisition.Services.Simulator.EegSimulatorService] Simulator sent packet: 256 samples, total=459520
2026-02-10 23:57:05.978 [DBG] [EegAcquisition.Services.Simulator.EegSimulatorService] Simulator sent packet: 256 samples, total=459776
2026-02-10 23:57:06.975 [DBG] [EegAcquisition.Services.Simulator.EegSimulatorService] Simulator sent packet: 256 samples, total=460032
2026-02-10 23:57:07.977 [DBG] [EegAcquisition.Services.Simulator.EegSimulatorService] Simulator sent packet: 256 samples, total=460288
2026-02-10 23:57:08.980 [DBG] [EegAcquisition.Services.Simulator.EegSimulatorService] Simulator sent packet: 256 samples, total=460544
2026-02-10 23:57:09.979 [DBG] [EegAcquisition.Services.Simulator.EegSimulatorService] Simulator sent packet: 256 samples, total=460800
2026-02-10 23:57:10.984 [DBG] [EegAcquisition.Services.Simulator.EegSimulatorService] Simulator sent packet: 256 samples, total=461056
2026-02-10 23:57:11.986 [DBG] [EegAcquisition.Services.Simulator.EegSimulatorService] Simulator sent packet: 256 samples, total=461312
2026-02-10 23:57:12.986 [DBG] [EegAcquisition.Services.Simulator.EegSimulatorService] Simulator sent packet: 256 samples, total=461568
2026-02-10 23:57:13.985 [DBG] [EegAcquisition.Services.Simulator.EegSimulatorService] Simulator sent packet: 256 samples, total=461824
2026-02-10 23:57:14.990 [DBG] [EegAcquisition.Services.Simulator.EegSimulatorService] Simulator sent packet: 256 samples, total=462080
2026-02-10 23:57:15.975 [DBG] [EegAcquisition.Services.Simulator.EegSimulatorService] Simulator sent packet: 256 samples, total=462336
2026-02-10 23:57:16.986 [DBG] [EegAcquisition.Services.Simulator.EegSimulatorService] Simulator sent packet: 256 samples, total=462592
2026-02-10 23:57:17.982 [DBG] [EegAcquisition.Services.Simulator.EegSimulatorService] Simulator sent packet: 256 samples, total=462848
2026-02-10 23:57:18.978 [DBG] [EegAcquisition.Services.Simulator.EegSimulatorService] Simulator sent packet: 256 samples, total=463104
2026-02-10 23:57:19.987 [DBG] [EegAcquisition.Services.Simulator.EegSimulatorService] Simulator sent packet: 256 samples, total=463360
2026-02-10 23:57:20.984 [DBG] [EegAcquisition.Services.Simulator.EegSimulatorService] Simulator sent packet: 256 samples, total=463616
2026-02-10 23:57:21.987 [DBG] [EegAcquisition.Services.Simulator.EegSimulatorService] Simulator sent packet: 256 samples, total=463872
2026-02-10 23:57:22.988 [DBG] [EegAcquisition.Services.Simulator.EegSimulatorService] Simulator sent packet: 256 samples, total=464128
2026-02-10 23:57:23.975 [DBG] [EegAcquisition.Services.Simulator.EegSimulatorService] Simulator sent packet: 256 samples, total=464384
2026-02-10 23:57:24.974 [DBG] [EegAcquisition.Services.Simulator.EegSimulatorService] Simulator sent packet: 256 samples, total=464640
2026-02-10 23:57:25.980 [DBG] [EegAcquisition.Services.Simulator.EegSimulatorService] Simulator sent packet: 256 samples, total=464896
2026-02-10 23:57:26.986 [DBG] [EegAcquisition.Services.Simulator.EegSimulatorService] Simulator sent packet: 256 samples, total=465152
2026-02-10 23:57:27.981 [DBG] [EegAcquisition.Services.Simulator.EegSimulatorService] Simulator sent packet: 256 samples, total=465408
2026-02-10 23:57:28.981 [DBG] [EegAcquisition.Services.Simulator.EegSimulatorService] Simulator sent packet: 256 samples, total=465664
2026-02-10 23:57:29.985 [DBG] [EegAcquisition.Services.Simulator.EegSimulatorService] Simulator sent packet: 256 samples, total=465920
2026-02-10 23:57:30.984 [DBG] [EegAcquisition.Services.Simulator.EegSimulatorService] Simulator sent packet: 256 samples, total=466176
2026-02-10 23:57:31.975 [DBG] [EegAcquisition.Services.Simulator.EegSimulatorService] Simulator sent packet: 256 samples, total=466432
2026-02-10 23:57:32.976 [DBG] [EegAcquisition.Services.Simulator.EegSimulatorService] Simulator sent packet: 256 samples, total=466688
2026-02-10 23:57:33.979 [DBG] [EegAcquisition.Services.Simulator.EegSimulatorService] Simulator sent packet: 256 samples, total=466944
2026-02-10 23:57:34.978 [DBG] [EegAcquisition.Services.Simulator.EegSimulatorService] Simulator sent packet: 256 samples, total=467200
2026-02-10 23:57:35.979 [DBG] [EegAcquisition.Services.Simulator.EegSimulatorService] Simulator sent packet: 256 samples, total=467456
2026-02-10 23:57:36.988 [DBG] [EegAcquisition.Services.Simulator.EegSimulatorService] Simulator sent packet: 256 samples, total=467712
2026-02-10 23:57:37.980 [DBG] [EegAcquisition.Services.Simulator.EegSimulatorService] Simulator sent packet: 256 samples, total=467968
2026-02-10 23:57:38.980 [DBG] [EegAcquisition.Services.Simulator.EegSimulatorService] Simulator sent packet: 256 samples, total=468224
2026-02-10 23:57:39.986 [DBG] [EegAcquisition.Services.Simulator.EegSimulatorService] Simulator sent packet: 256 samples, total=468480
2026-02-10 23:57:40.975 [DBG] [EegAcquisition.Services.Simulator.EegSimulatorService] Simulator sent packet: 256 samples, total=468736
2026-02-10 23:57:41.977 [DBG] [EegAcquisition.Services.Simulator.EegSimulatorService] Simulator sent packet: 256 samples, total=468992
2026-02-10 23:57:42.973 [DBG] [EegAcquisition.Services.Simulator.EegSimulatorService] Simulator sent packet: 256 samples, total=469248
2026-02-10 23:57:43.976 [DBG] [EegAcquisition.Services.Simulator.EegSimulatorService] Simulator sent packet: 256 samples, total=469504
2026-02-10 23:57:44.978 [DBG] [EegAcquisition.Services.Simulator.EegSimulatorService] Simulator sent packet: 256 samples, total=469760
2026-02-10 23:57:45.977 [DBG] [EegAcquisition.Services.Simulator.EegSimulatorService] Simulator sent packet: 256 samples, total=470016
2026-02-10 23:57:46.981 [DBG] [EegAcquisition.Services.Simulator.EegSimulatorService] Simulator sent packet: 256 samples, total=470272
2026-02-10 23:57:47.985 [DBG] [EegAcquisition.Services.Simulator.EegSimulatorService] Simulator sent packet: 256 samples, total=470528
2026-02-10 23:57:48.983 [DBG] [EegAcquisition.Services.Simulator.EegSimulatorService] Simulator sent packet: 256 samples, total=470784
2026-02-10 23:57:49.987 [DBG] [EegAcquisition.Services.Simulator.EegSimulatorService] Simulator sent packet: 256 samples, total=471040
2026-02-10 23:57:50.987 [DBG] [EegAcquisition.Services.Simulator.EegSimulatorService] Simulator sent packet: 256 samples, total=471296
2026-02-10 23:57:51.979 [DBG] [EegAcquisition.Services.Simulator.EegSimulatorService] Simulator sent packet: 256 samples, total=471552
2026-02-10 23:57:52.977 [DBG] [EegAcquisition.Services.Simulator.EegSimulatorService] Simulator sent packet: 256 samples, total=471808
2026-02-10 23:57:53.977 [DBG] [EegAcquisition.Services.Simulator.EegSimulatorService] Simulator sent packet: 256 samples, total=472064
2026-02-10 23:57:54.984 [DBG] [EegAcquisition.Services.Simulator.EegSimulatorService] Simulator sent packet: 256 samples, total=472320
2026-02-10 23:57:55.985 [DBG] [EegAcquisition.Services.Simulator.EegSimulatorService] Simulator sent packet: 256 samples, total=472576
2026-02-10 23:57:56.985 [DBG] [EegAcquisition.Services.Simulator.EegSimulatorService] Simulator sent packet: 256 samples, total=472832
2026-02-10 23:57:57.984 [DBG] [EegAcquisition.Services.Simulator.EegSimulatorService] Simulator sent packet: 256 samples, total=473088
2026-02-10 23:57:58.985 [DBG] [EegAcquisition.Services.Simulator.EegSimulatorService] Simulator sent packet: 256 samples, total=473344
2026-02-10 23:57:59.989 [DBG] [EegAcquisition.Services.Simulator.EegSimulatorService] Simulator sent packet: 256 samples, total=473600
2026-02-10 23:58:00.979 [DBG] [EegAcquisition.Services.Simulator.EegSimulatorService] Simulator sent packet: 256 samples, total=473856
2026-02-10 23:58:01.977 [DBG] [EegAcquisition.Services.Simulator.EegSimulatorService] Simulator sent packet: 256 samples, total=474112
2026-02-10 23:58:02.974 [DBG] [EegAcquisition.Services.Simulator.EegSimulatorService] Simulator sent packet: 256 samples, total=474368
2026-02-10 23:58:03.986 [DBG] [EegAcquisition.Services.Simulator.EegSimulatorService] Simulator sent packet: 256 samples, total=474624
2026-02-10 23:58:04.986 [DBG] [EegAcquisition.Services.Simulator.EegSimulatorService] Simulator sent packet: 256 samples, total=474880
2026-02-10 23:58:05.986 [DBG] [EegAcquisition.Services.Simulator.EegSimulatorService] Simulator sent packet: 256 samples, total=475136
2026-02-10 23:58:06.988 [DBG] [EegAcquisition.Services.Simulator.EegSimulatorService] Simulator sent packet: 256 samples, total=475392
2026-02-10 23:58:07.974 [DBG] [EegAcquisition.Services.Simulator.EegSimulatorService] Simulator sent packet: 256 samples, total=475648
2026-02-10 23:58:08.988 [DBG] [EegAcquisition.Services.Simulator.EegSimulatorService] Simulator sent packet: 256 samples, total=475904
2026-02-10 23:58:09.974 [DBG] [EegAcquisition.Services.Simulator.EegSimulatorService] Simulator sent packet: 256 samples, total=476160
2026-02-10 23:58:10.976 [DBG] [EegAcquisition.Services.Simulator.EegSimulatorService] Simulator sent packet: 256 samples, total=476416
2026-02-10 23:58:11.975 [DBG] [EegAcquisition.Services.Simulator.EegSimulatorService] Simulator sent packet: 256 samples, total=476672
2026-02-10 23:58:12.988 [DBG] [EegAcquisition.Services.Simulator.EegSimulatorService] Simulator sent packet: 256 samples, total=476928
2026-02-10 23:58:13.974 [DBG] [EegAcquisition.Services.Simulator.EegSimulatorService] Simulator sent packet: 256 samples, total=477184
2026-02-10 23:58:14.974 [DBG] [EegAcquisition.Services.Simulator.EegSimulatorService] Simulator sent packet: 256 samples, total=477440
2026-02-10 23:58:15.977 [DBG] [EegAcquisition.Services.Simulator.EegSimulatorService] Simulator sent packet: 256 samples, total=477696
2026-02-10 23:58:16.976 [DBG] [EegAcquisition.Services.Simulator.EegSimulatorService] Simulator sent packet: 256 samples, total=477952
2026-02-10 23:58:17.976 [DBG] [EegAcquisition.Services.Simulator.EegSimulatorService] Simulator sent packet: 256 samples, total=478208
2026-02-10 23:58:18.976 [DBG] [EegAcquisition.Services.Simulator.EegSimulatorService] Simulator sent packet: 256 samples, total=478464
2026-02-10 23:58:19.979 [DBG] [EegAcquisition.Services.Simulator.EegSimulatorService] Simulator sent packet: 256 samples, total=478720
2026-02-10 23:58:20.978 [DBG] [EegAcquisition.Services.Simulator.EegSimulatorService] Simulator sent packet: 256 samples, total=478976
2026-02-10 23:58:21.978 [DBG] [EegAcquisition.Services.Simulator.EegSimulatorService] Simulator sent packet: 256 samples, total=479232
2026-02-10 23:58:22.976 [DBG] [EegAcquisition.Services.Simulator.EegSimulatorService] Simulator sent packet: 256 samples, total=479488
2026-02-10 23:58:23.977 [DBG] [EegAcquisition.Services.Simulator.EegSimulatorService] Simulator sent packet: 256 samples, total=479744
2026-02-10 23:58:24.977 [DBG] [EegAcquisition.Services.Simulator.EegSimulatorService] Simulator sent packet: 256 samples, total=480000
2026-02-10 23:58:25.986 [DBG] [EegAcquisition.Services.Simulator.EegSimulatorService] Simulator sent packet: 256 samples, total=480256
2026-02-10 23:58:26.978 [DBG] [EegAcquisition.Services.Simulator.EegSimulatorService] Simulator sent packet: 256 samples, total=480512
2026-02-10 23:58:27.975 [DBG] [EegAcquisition.Services.Simulator.EegSimulatorService] Simulator sent packet: 256 samples, total=480768
2026-02-10 23:58:28.976 [DBG] [EegAcquisition.Services.Simulator.EegSimulatorService] Simulator sent packet: 256 samples, total=481024
2026-02-10 23:58:29.979 [DBG] [EegAcquisition.Services.Simulator.EegSimulatorService] Simulator sent packet: 256 samples, total=481280
2026-02-10 23:58:30.981 [DBG] [EegAcquisition.Services.Simulator.EegSimulatorService] Simulator sent packet: 256 samples, total=481536
2026-02-10 23:58:31.978 [DBG] [EegAcquisition.Services.Simulator.EegSimulatorService] Simulator sent packet: 256 samples, total=481792
2026-02-10 23:58:32.997 [DBG] [EegAcquisition.Services.Simulator.EegSimulatorService] Simulator sent packet: 256 samples, total=482048
2026-02-10 23:58:33.983 [DBG] [EegAcquisition.Services.Simulator.EegSimulatorService] Simulator sent packet: 256 samples, total=482304
2026-02-10 23:58:34.985 [DBG] [EegAcquisition.Services.Simulator.EegSimulatorService] Simulator sent packet: 256 samples, total=482560
2026-02-10 23:58:35.973 [DBG] [EegAcquisition.Services.Simulator.EegSimulatorService] Simulator sent packet: 256 samples, total=482816
2026-02-10 23:58:36.976 [DBG] [EegAcquisition.Services.Simulator.EegSimulatorService] Simulator sent packet: 256 samples, total=483072
2026-02-10 23:58:37.976 [DBG] [EegAcquisition.Services.Simulator.EegSimulatorService] Simulator sent packet: 256 samples, total=483328
2026-02-10 23:58:38.979 [DBG] [EegAcquisition.Services.Simulator.EegSimulatorService] Simulator sent packet: 256 samples, total=483584
2026-02-10 23:58:39.982 [DBG] [EegAcquisition.Services.Simulator.EegSimulatorService] Simulator sent packet: 256 samples, total=483840
2026-02-10 23:58:40.980 [DBG] [EegAcquisition.Services.Simulator.EegSimulatorService] Simulator sent packet: 256 samples, total=484096
2026-02-10 23:58:41.983 [DBG] [EegAcquisition.Services.Simulator.EegSimulatorService] Simulator sent packet: 256 samples, total=484352
2026-02-10 23:58:42.984 [DBG] [EegAcquisition.Services.Simulator.EegSimulatorService] Simulator sent packet: 256 samples, total=484608
2026-02-10 23:58:43.985 [DBG] [EegAcquisition.Services.Simulator.EegSimulatorService] Simulator sent packet: 256 samples, total=484864
2026-02-10 23:58:44.973 [DBG] [EegAcquisition.Services.Simulator.EegSimulatorService] Simulator sent packet: 256 samples, total=485120
2026-02-10 23:58:45.984 [DBG] [EegAcquisition.Services.Simulator.EegSimulatorService] Simulator sent packet: 256 samples, total=485376
2026-02-10 23:58:46.975 [DBG] [EegAcquisition.Services.Simulator.EegSimulatorService] Simulator sent packet: 256 samples, total=485632
2026-02-10 23:58:47.981 [DBG] [EegAcquisition.Services.Simulator.EegSimulatorService] Simulator sent packet: 256 samples, total=485888
2026-02-10 23:58:48.983 [DBG] [EegAcquisition.Services.Simulator.EegSimulatorService] Simulator sent packet: 256 samples, total=486144
2026-02-10 23:58:49.985 [DBG] [EegAcquisition.Services.Simulator.EegSimulatorService] Simulator sent packet: 256 samples, total=486400
2026-02-10 23:58:50.980 [DBG] [EegAcquisition.Services.Simulator.EegSimulatorService] Simulator sent packet: 256 samples, total=486656
2026-02-10 23:58:51.988 [DBG] [EegAcquisition.Services.Simulator.EegSimulatorService] Simulator sent packet: 256 samples, total=486912
2026-02-10 23:58:52.985 [DBG] [EegAcquisition.Services.Simulator.EegSimulatorService] Simulator sent packet: 256 samples, total=487168
2026-02-10 23:58:53.988 [DBG] [EegAcquisition.Services.Simulator.EegSimulatorService] Simulator sent packet: 256 samples, total=487424
2026-02-10 23:58:54.977 [DBG] [EegAcquisition.Services.Simulator.EegSimulatorService] Simulator sent packet: 256 samples, total=487680
2026-02-10 23:58:55.974 [DBG] [EegAcquisition.Services.Simulator.EegSimulatorService] Simulator sent packet: 256 samples, total=487936
2026-02-10 23:58:56.973 [DBG] [EegAcquisition.Services.Simulator.EegSimulatorService] Simulator sent packet: 256 samples, total=488192
2026-02-10 23:58:57.982 [DBG] [EegAcquisition.Services.Simulator.EegSimulatorService] Simulator sent packet: 256 samples, total=488448
2026-02-10 23:58:58.985 [DBG] [EegAcquisition.Services.Simulator.EegSimulatorService] Simulator sent packet: 256 samples, total=488704
2026-02-10 23:58:59.986 [DBG] [EegAcquisition.Services.Simulator.EegSimulatorService] Simulator sent packet: 256 samples, total=488960
2026-02-10 23:59:00.983 [DBG] [EegAcquisition.Services.Simulator.EegSimulatorService] Simulator sent packet: 256 samples, total=489216
2026-02-10 23:59:01.987 [DBG] [EegAcquisition.Services.Simulator.EegSimulatorService] Simulator sent packet: 256 samples, total=489472
2026-02-10 23:59:02.980 [DBG] [EegAcquisition.Services.Simulator.EegSimulatorService] Simulator sent packet: 256 samples, total=489728
2026-02-10 23:59:03.975 [DBG] [EegAcquisition.Services.Simulator.EegSimulatorService] Simulator sent packet: 256 samples, total=489984
2026-02-10 23:59:04.976 [DBG] [EegAcquisition.Services.Simulator.EegSimulatorService] Simulator sent packet: 256 samples, total=490240
2026-02-10 23:59:05.990 [DBG] [EegAcquisition.Services.Simulator.EegSimulatorService] Simulator sent packet: 256 samples, total=490496
2026-02-10 23:59:06.982 [DBG] [EegAcquisition.Services.Simulator.EegSimulatorService] Simulator sent packet: 256 samples, total=490752
2026-02-10 23:59:07.976 [DBG] [EegAcquisition.Services.Simulator.EegSimulatorService] Simulator sent packet: 256 samples, total=491008
2026-02-10 23:59:08.980 [DBG] [EegAcquisition.Services.Simulator.EegSimulatorService] Simulator sent packet: 256 samples, total=491264
2026-02-10 23:59:09.988 [DBG] [EegAcquisition.Services.Simulator.EegSimulatorService] Simulator sent packet: 256 samples, total=491520
2026-02-10 23:59:10.986 [DBG] [EegAcquisition.Services.Simulator.EegSimulatorService] Simulator sent packet: 256 samples, total=491776
2026-02-10 23:59:11.973 [DBG] [EegAcquisition.Services.Simulator.EegSimulatorService] Simulator sent packet: 256 samples, total=492032
2026-02-10 23:59:12.976 [DBG] [EegAcquisition.Services.Simulator.EegSimulatorService] Simulator sent packet: 256 samples, total=492288
2026-02-10 23:59:13.979 [DBG] [EegAcquisition.Services.Simulator.EegSimulatorService] Simulator sent packet: 256 samples, total=492544
2026-02-10 23:59:14.974 [DBG] [EegAcquisition.Services.Simulator.EegSimulatorService] Simulator sent packet: 256 samples, total=492800
2026-02-10 23:59:15.979 [DBG] [EegAcquisition.Services.Simulator.EegSimulatorService] Simulator sent packet: 256 samples, total=493056
2026-02-10 23:59:16.982 [DBG] [EegAcquisition.Services.Simulator.EegSimulatorService] Simulator sent packet: 256 samples, total=493312
2026-02-10 23:59:17.987 [DBG] [EegAcquisition.Services.Simulator.EegSimulatorService] Simulator sent packet: 256 samples, total=493568
2026-02-10 23:59:18.988 [DBG] [EegAcquisition.Services.Simulator.EegSimulatorService] Simulator sent packet: 256 samples, total=493824
2026-02-10 23:59:19.986 [DBG] [EegAcquisition.Services.Simulator.EegSimulatorService] Simulator sent packet: 256 samples, total=494080
2026-02-10 23:59:20.973 [DBG] [EegAcquisition.Services.Simulator.EegSimulatorService] Simulator sent packet: 256 samples, total=494336
2026-02-10 23:59:21.974 [DBG] [EegAcquisition.Services.Simulator.EegSimulatorService] Simulator sent packet: 256 samples, total=494592
2026-02-10 23:59:22.979 [DBG] [EegAcquisition.Services.Simulator.EegSimulatorService] Simulator sent packet: 256 samples, total=494848
2026-02-10 23:59:23.979 [DBG] [EegAcquisition.Services.Simulator.EegSimulatorService] Simulator sent packet: 256 samples, total=495104
2026-02-10 23:59:24.980 [DBG] [EegAcquisition.Services.Simulator.EegSimulatorService] Simulator sent packet: 256 samples, total=495360
2026-02-10 23:59:25.978 [DBG] [EegAcquisition.Services.Simulator.EegSimulatorService] Simulator sent packet: 256 samples, total=495616
2026-02-10 23:59:26.990 [DBG] [EegAcquisition.Services.Simulator.EegSimulatorService] Simulator sent packet: 256 samples, total=495872
2026-02-10 23:59:27.985 [DBG] [EegAcquisition.Services.Simulator.EegSimulatorService] Simulator sent packet: 256 samples, total=496128
2026-02-10 23:59:28.991 [DBG] [EegAcquisition.Services.Simulator.EegSimulatorService] Simulator sent packet: 256 samples, total=496384
2026-02-10 23:59:29.974 [DBG] [EegAcquisition.Services.Simulator.EegSimulatorService] Simulator sent packet: 256 samples, total=496640
2026-02-10 23:59:30.973 [DBG] [EegAcquisition.Services.Simulator.EegSimulatorService] Simulator sent packet: 256 samples, total=496896
2026-02-10 23:59:31.982 [DBG] [EegAcquisition.Services.Simulator.EegSimulatorService] Simulator sent packet: 256 samples, total=497152
2026-02-10 23:59:32.982 [DBG] [EegAcquisition.Services.Simulator.EegSimulatorService] Simulator sent packet: 256 samples, total=497408
2026-02-10 23:59:33.985 [DBG] [EegAcquisition.Services.Simulator.EegSimulatorService] Simulator sent packet: 256 samples, total=497664
2026-02-10 23:59:34.982 [DBG] [EegAcquisition.Services.Simulator.EegSimulatorService] Simulator sent packet: 256 samples, total=497920
2026-02-10 23:59:35.975 [DBG] [EegAcquisition.Services.Simulator.EegSimulatorService] Simulator sent packet: 256 samples, total=498176
2026-02-10 23:59:36.987 [DBG] [EegAcquisition.Services.Simulator.EegSimulatorService] Simulator sent packet: 256 samples, total=498432
2026-02-10 23:59:37.989 [DBG] [EegAcquisition.Services.Simulator.EegSimulatorService] Simulator sent packet: 256 samples, total=498688
2026-02-10 23:59:38.975 [DBG] [EegAcquisition.Services.Simulator.EegSimulatorService] Simulator sent packet: 256 samples, total=498944
2026-02-10 23:59:39.980 [DBG] [EegAcquisition.Services.Simulator.EegSimulatorService] Simulator sent packet: 256 samples, total=499200
2026-02-10 23:59:40.987 [DBG] [EegAcquisition.Services.Simulator.EegSimulatorService] Simulator sent packet: 256 samples, total=499456
2026-02-10 23:59:41.985 [DBG] [EegAcquisition.Services.Simulator.EegSimulatorService] Simulator sent packet: 256 samples, total=499712
2026-02-10 23:59:42.987 [DBG] [EegAcquisition.Services.Simulator.EegSimulatorService] Simulator sent packet: 256 samples, total=499968
2026-02-10 23:59:43.987 [DBG] [EegAcquisition.Services.Simulator.EegSimulatorService] Simulator sent packet: 256 samples, total=500224
2026-02-10 23:59:44.974 [DBG] [EegAcquisition.Services.Simulator.EegSimulatorService] Simulator sent packet: 256 samples, total=500480
2026-02-10 23:59:45.975 [DBG] [EegAcquisition.Services.Simulator.EegSimulatorService] Simulator sent packet: 256 samples, total=500736
2026-02-10 23:59:46.979 [DBG] [EegAcquisition.Services.Simulator.EegSimulatorService] Simulator sent packet: 256 samples, total=500992
2026-02-10 23:59:47.979 [DBG] [EegAcquisition.Services.Simulator.EegSimulatorService] Simulator sent packet: 256 samples, total=501248
2026-02-10 23:59:48.983 [DBG] [EegAcquisition.Services.Simulator.EegSimulatorService] Simulator sent packet: 256 samples, total=501504
2026-02-10 23:59:49.979 [DBG] [EegAcquisition.Services.Simulator.EegSimulatorService] Simulator sent packet: 256 samples, total=501760
2026-02-10 23:59:50.977 [DBG] [EegAcquisition.Services.Simulator.EegSimulatorService] Simulator sent packet: 256 samples, total=502016
2026-02-10 23:59:51.977 [DBG] [EegAcquisition.Services.Simulator.EegSimulatorService] Simulator sent packet: 256 samples, total=502272
2026-02-10 23:59:52.979 [DBG] [EegAcquisition.Services.Simulator.EegSimulatorService] Simulator sent packet: 256 samples, total=502528
2026-02-10 23:59:53.981 [DBG] [EegAcquisition.Services.Simulator.EegSimulatorService] Simulator sent packet: 256 samples, total=502784
2026-02-10 23:59:54.984 [DBG] [EegAcquisition.Services.Simulator.EegSimulatorService] Simulator sent packet: 256 samples, total=503040
2026-02-10 23:59:55.973 [DBG] [EegAcquisition.Services.Simulator.EegSimulatorService] Simulator sent packet: 256 samples, total=503296
2026-02-10 23:59:56.974 [DBG] [EegAcquisition.Services.Simulator.EegSimulatorService] Simulator sent packet: 256 samples, total=503552
2026-02-10 23:59:57.973 [DBG] [EegAcquisition.Services.Simulator.EegSimulatorService] Simulator sent packet: 256 samples, total=503808
2026-02-10 23:59:58.975 [DBG] [EegAcquisition.Services.Simulator.EegSimulatorService] Simulator sent packet: 256 samples, total=504064
2026-02-10 23:59:59.979 [DBG] [EegAcquisition.Services.Simulator.EegSimulatorService] Simulator sent packet: 256 samples, total=504320
